docket_id,url,hand_stance,hand_note
EPA-HQ-OAR-2025-0194-2057,https://www.regulations.gov/comment/EPA-HQ-OAR-2025-0194-2057,support,
EPA-HQ-OAR-2025-0194-20720,https://www.regulations.gov/comment/EPA-HQ-OAR-2025-0194-20720,support,
EPA-HQ-OAR-2025-0194-4487,https://www.regulations.gov/comment/EPA-HQ-OAR-2025-0194-4487,support,
EPA-HQ-OAR-2025-0194-24923,https://www.regulations.gov/comment/EPA-HQ-OAR-2025-0194-24923,oppose,
EPA-HQ-OAR-2025-0194-12068,https://www.regulations.gov/comment/EPA-HQ-OAR-2025-0194-12068,support,
EPA-HQ-OAR-2025-0194-24456,https://www.regulations.gov/comment/EPA-HQ-OAR-2025-0194-24456,oppose,
EPA-HQ-OAR-2025-0194-13979,https://www.regulations.gov/comment/EPA-HQ-OAR-2025-0194-13979,oppose,
EPA-HQ-OAR-2025-0194-4474,https://www.regulations.gov/comment/EPA-HQ-OAR-2025-0194-4474,oppose,
EPA-HQ-OAR-2025-0194-1412,https://www.regulations.gov/comment/EPA-HQ-OAR-2025-0194-1412,mixed,"supports getting rid of vehicle regs, but also supports the endangerment finding"
EPA-HQ-OAR-2025-0194-0267,https://www.regulations.gov/comment/EPA-HQ-OAR-2025-0194-0267,unclear,crazy science
EPA-HQ-OAR-2025-0194-12952,https://www.regulations.gov/comment/EPA-HQ-OAR-2025-0194-12952,support,
EPA-HQ-OAR-2025-0194-14943,https://www.regulations.gov/comment/EPA-HQ-OAR-2025-0194-14943,support,
EPA-HQ-OAR-2025-0194-13864,https://www.regulations.gov/comment/EPA-HQ-OAR-2025-0194-13864,support,
EPA-HQ-OAR-2025-0194-14303,https://www.regulations.gov/comment/EPA-HQ-OAR-2025-0194-14303,support,identical to 14943
EPA-HQ-OAR-2025-0194-1393,https://www.regulations.gov/comment/EPA-HQ-OAR-2025-0194-1393,oppose,Ford!
EPA-HQ-OAR-2025-0194-14872,https://www.regulations.gov/comment/EPA-HQ-OAR-2025-0194-14872,oppose,
EPA-HQ-OAR-2025-0194-1572,https://www.regulations.gov/comment/EPA-HQ-OAR-2025-0194-1572,support,(I think the same person commented earlier?)
EPA-HQ-OAR-2025-0194-12888,https://www.regulations.gov/comment/EPA-HQ-OAR-2025-0194-12888,support,
EPA-HQ-OAR-2025-0194-12224,https://www.regulations.gov/comment/EPA-HQ-OAR-2025-0194-12224,support,
EPA-HQ-OAR-2025-0194-5100,https://www.regulations.gov/comment/EPA-HQ-OAR-2025-0194-5100,support,
EPA-HQ-OAR-2025-0194-26650,https://www.regulations.gov/comment/EPA-HQ-OAR-2025-0194-26650,oppose,
EPA-HQ-OAR-2025-0194-12253,https://www.regulations.gov/comment/EPA-HQ-OAR-2025-0194-12253,support,
EPA-HQ-OAR-2025-0194-6980,https://www.regulations.gov/comment/EPA-HQ-OAR-2025-0194-6980,off topic,shade trees
EPA-HQ-OAR-2025-0194-3580,https://www.regulations.gov/comment/EPA-HQ-OAR-2025-0194-3580,oppose,
EPA-HQ-OAR-2025-0194-14974,https://www.regulations.gov/comment/EPA-HQ-OAR-2025-0194-14974,support,
EPA-HQ-OAR-2025-0194-7689,https://www.regulations.gov/comment/EPA-HQ-OAR-2025-0194-7689,unclear,responds to another comment?
EPA-HQ-OAR-2025-0194-1574,https://www.regulations.gov/comment/EPA-HQ-OAR-2025-0194-1574,support,
EPA-HQ-OAR-2025-0194-22406,https://www.regulations.gov/comment/EPA-HQ-OAR-2025-0194-22406,support,
EPA-HQ-OAR-2025-0194-23892,https://www.regulations.gov/comment/EPA-HQ-OAR-2025-0194-23892,oppose,
EPA-HQ-OAR-2025-0194-12392,https://www.regulations.gov/comment/EPA-HQ-OAR-2025-0194-12392,off topic,population
EPA-HQ-OAR-2025-0194-8086,https://www.regulations.gov/comment/EPA-HQ-OAR-2025-0194-8086,support,
EPA-HQ-OAR-2025-0194-11709,https://www.regulations.gov/comment/EPA-HQ-OAR-2025-0194-11709,support,
EPA-HQ-OAR-2025-0194-10061,https://www.regulations.gov/comment/EPA-HQ-OAR-2025-0194-10061,support,
EPA-HQ-OAR-2025-0194-2585,https://www.regulations.gov/comment/EPA-HQ-OAR-2025-0194-2585,oppose,
EPA-HQ-OAR-2025-0194-7635,https://www.regulations.gov/comment/EPA-HQ-OAR-2025-0194-7635,support,
EPA-HQ-OAR-2025-0194-11719,https://www.regulations.gov/comment/EPA-HQ-OAR-2025-0194-11719,oppose,
EPA-HQ-OAR-2025-0194-18119,https://www.regulations.gov/comment/EPA-HQ-OAR-2025-0194-18119,support,"princeton engineer, JHU ms, undergrad research prize"
EPA-HQ-OAR-2025-0194-11557,https://www.regulations.gov/comment/EPA-HQ-OAR-2025-0194-11557,unclear,"diesel, but doesn't actually say get rid of regulation."
EPA-HQ-OAR-2025-0194-7740,https://www.regulations.gov/comment/EPA-HQ-OAR-2025-0194-7740,unclear,"wants clean vehicles, but worried about cost"
EPA-HQ-OAR-2025-0194-14928,https://www.regulations.gov/comment/EPA-HQ-OAR-2025-0194-14928,oppose,
EPA-HQ-OAR-2025-0194-11792,https://www.regulations.gov/comment/EPA-HQ-OAR-2025-0194-11792,support,diesel
EPA-HQ-OAR-2025-0194-9178,https://www.regulations.gov/comment/EPA-HQ-OAR-2025-0194-9178,off topic,water
EPA-HQ-OAR-2025-0194-1360,https://www.regulations.gov/comment/EPA-HQ-OAR-2025-0194-1360,mixed,"Volvo (wants less regs, but not no regs)"
EPA-HQ-OAR-2025-0194-2366,https://www.regulations.gov/comment/EPA-HQ-OAR-2025-0194-2366,support,
EPA-HQ-OAR-2025-0194-7312,https://www.regulations.gov/comment/EPA-HQ-OAR-2025-0194-7312,oppose,
EPA-HQ-OAR-2025-0194-11773,https://www.regulations.gov/comment/EPA-HQ-OAR-2025-0194-11773,off topic,test
EPA-HQ-OAR-2025-0194-26315,https://www.regulations.gov/comment/EPA-HQ-OAR-2025-0194-26315,oppose,
EPA-HQ-OAR-2025-0194-10800,https://www.regulations.gov/comment/EPA-HQ-OAR-2025-0194-10800,support,diesel
EPA-HQ-OAR-2025-0194-11814,https://www.regulations.gov/comment/EPA-HQ-OAR-2025-0194-11814,support,diesel
EPA-HQ-OAR-2025-0194-8927,https://www.regulations.gov/comment/EPA-HQ-OAR-2025-0194-8927,oppose,
EPA-HQ-OAR-2025-0194-5426,https://www.regulations.gov/comment/EPA-HQ-OAR-2025-0194-5426,unclear,water bills but rollback concern
EPA-HQ-OAR-2025-0194-0755,https://www.regulations.gov/comment/EPA-HQ-OAR-2025-0194-0755,support,crazy science
EPA-HQ-OAR-2025-0194-16570,https://www.regulations.gov/comment/EPA-HQ-OAR-2025-0194-16570,off topic,
EPA-HQ-OAR-2025-0194-7752,https://www.regulations.gov/comment/EPA-HQ-OAR-2025-0194-7752,unclear,diesel
EPA-HQ-OAR-2025-0194-3327,https://www.regulations.gov/comment/EPA-HQ-OAR-2025-0194-3327,oppose,
EPA-HQ-OAR-2025-0194-0448,https://www.regulations.gov/comment/EPA-HQ-OAR-2025-0194-0448,oppose,
EPA-HQ-OAR-2025-0194-3265,https://www.regulations.gov/comment/EPA-HQ-OAR-2025-0194-3265,unclear,citizen accountability
EPA-HQ-OAR-2025-0194-8669,https://www.regulations.gov/comment/EPA-HQ-OAR-2025-0194-8669,support,
EPA-HQ-OAR-2025-0194-16394,https://www.regulations.gov/comment/EPA-HQ-OAR-2025-0194-16394,oppose,
EPA-HQ-OAR-2025-0194-12761,https://www.regulations.gov/comment/EPA-HQ-OAR-2025-0194-12761,support,diesel
EPA-HQ-OAR-2025-0194-14260,https://www.regulations.gov/comment/EPA-HQ-OAR-2025-0194-14260,oppose,
EPA-HQ-OAR-2025-0194-3541,https://www.regulations.gov/comment/EPA-HQ-OAR-2025-0194-3541,unclear,leans oppose
EPA-HQ-OAR-2025-0194-26081,https://www.regulations.gov/comment/EPA-HQ-OAR-2025-0194-26081,oppose,
EPA-HQ-OAR-2025-0194-3000,https://www.regulations.gov/comment/EPA-HQ-OAR-2025-0194-3000,support,
EPA-HQ-OAR-2025-0194-11328,https://www.regulations.gov/comment/EPA-HQ-OAR-2025-0194-11328,support,diesel
EPA-HQ-OAR-2025-0194-3028,https://www.regulations.gov/comment/EPA-HQ-OAR-2025-0194-3028,oppose,
EPA-HQ-OAR-2025-0194-24376,https://www.regulations.gov/comment/EPA-HQ-OAR-2025-0194-24376,oppose,
EPA-HQ-OAR-2025-0194-8501,https://www.regulations.gov/comment/EPA-HQ-OAR-2025-0194-8501,oppose,
EPA-HQ-OAR-2025-0194-2481,https://www.regulations.gov/comment/EPA-HQ-OAR-2025-0194-2481,oppose,
EPA-HQ-OAR-2025-0194-22603,https://www.regulations.gov/comment/EPA-HQ-OAR-2025-0194-22603,support,diesel
EPA-HQ-OAR-2025-0194-2183,https://www.regulations.gov/comment/EPA-HQ-OAR-2025-0194-2183,support,
EPA-HQ-OAR-2025-0194-22402,https://www.regulations.gov/comment/EPA-HQ-OAR-2025-0194-22402,oppose,
EPA-HQ-OAR-2025-0194-5879,https://www.regulations.gov/comment/EPA-HQ-OAR-2025-0194-5879,oppose,
EPA-HQ-OAR-2025-0194-6790,https://www.regulations.gov/comment/EPA-HQ-OAR-2025-0194-6790,support,
EPA-HQ-OAR-2025-0194-23661,https://www.regulations.gov/comment/EPA-HQ-OAR-2025-0194-23661,oppose,
EPA-HQ-OAR-2025-0194-20739,https://www.regulations.gov/comment/EPA-HQ-OAR-2025-0194-20739,off topic,wants to speak at hearing
EPA-HQ-OAR-2025-0194-28970,https://www.regulations.gov/comment/EPA-HQ-OAR-2025-0194-28970,oppose,
EPA-HQ-OAR-2025-0194-20330,https://www.regulations.gov/comment/EPA-HQ-OAR-2025-0194-20330,oppose,
EPA-HQ-OAR-2025-0194-14364,https://www.regulations.gov/comment/EPA-HQ-OAR-2025-0194-14364,oppose,
EPA-HQ-OAR-2025-0194-28190,https://www.regulations.gov/comment/EPA-HQ-OAR-2025-0194-28190,off topic,info about services
EPA-HQ-OAR-2025-0194-13585,https://www.regulations.gov/comment/EPA-HQ-OAR-2025-0194-13585,support,
EPA-HQ-OAR-2025-0194-9618,https://www.regulations.gov/comment/EPA-HQ-OAR-2025-0194-9618,support,
EPA-HQ-OAR-2025-0194-14359,https://www.regulations.gov/comment/EPA-HQ-OAR-2025-0194-14359,support,diesel
EPA-HQ-OAR-2025-0194-28688,https://www.regulations.gov/comment/EPA-HQ-OAR-2025-0194-28688,oppose,
EPA-HQ-OAR-2025-0194-8827,https://www.regulations.gov/comment/EPA-HQ-OAR-2025-0194-8827,off topic,gravity electricity
EPA-HQ-OAR-2025-0194-18482,https://www.regulations.gov/comment/EPA-HQ-OAR-2025-0194-18482,oppose,
EPA-HQ-OAR-2025-0194-26151,https://www.regulations.gov/comment/EPA-HQ-OAR-2025-0194-26151,oppose,
EPA-HQ-OAR-2025-0194-12405,https://www.regulations.gov/comment/EPA-HQ-OAR-2025-0194-12405,unclear,"diesel, lean support"
EPA-HQ-OAR-2025-0194-17937,https://www.regulations.gov/comment/EPA-HQ-OAR-2025-0194-17937,oppose,
EPA-HQ-OAR-2025-0194-10208,https://www.regulations.gov/comment/EPA-HQ-OAR-2025-0194-10208,support,diesel (maybe unclear)
EPA-HQ-OAR-2025-0194-12779,https://www.regulations.gov/comment/EPA-HQ-OAR-2025-0194-12779,support,diesel (maybe unclear)
EPA-HQ-OAR-2025-0194-3436,https://www.regulations.gov/comment/EPA-HQ-OAR-2025-0194-3436,off topic,probably oppose
EPA-HQ-OAR-2025-0194-4885,https://www.regulations.gov/comment/EPA-HQ-OAR-2025-0194-4885,unclear,
EPA-HQ-OAR-2025-0194-1294,https://www.regulations.gov/comment/EPA-HQ-OAR-2025-0194-1294,support,
EPA-HQ-OAR-2025-0194-16343,https://www.regulations.gov/comment/EPA-HQ-OAR-2025-0194-16343,oppose,
EPA-HQ-OAR-2025-0194-19580,https://www.regulations.gov/comment/EPA-HQ-OAR-2025-0194-19580,oppose,
EPA-HQ-OAR-2025-0194-24080,https://www.regulations.gov/comment/EPA-HQ-OAR-2025-0194-24080,oppose,
EPA-HQ-OAR-2025-0194-25510,https://www.regulations.gov/comment/EPA-HQ-OAR-2025-0194-25510,oppose,
EPA-HQ-OAR-2025-0194-21899,https://www.regulations.gov/comment/EPA-HQ-OAR-2025-0194-21899,oppose,
EPA-HQ-OAR-2025-0194-6109,https://www.regulations.gov/comment/EPA-HQ-OAR-2025-0194-6109,off topic,
EPA-HQ-OAR-2025-0194-14585,https://www.regulations.gov/comment/EPA-HQ-OAR-2025-0194-14585,off topic,
EPA-HQ-OAR-2025-0194-14595,https://www.regulations.gov/comment/EPA-HQ-OAR-2025-0194-14595,unclear,diesel
EPA-HQ-OAR-2025-0194-29192,https://www.regulations.gov/comment/EPA-HQ-OAR-2025-0194-29192,oppose,
EPA-HQ-OAR-2025-0194-13421,https://www.regulations.gov/comment/EPA-HQ-OAR-2025-0194-13421,support,diesel (maybe unclear)
EPA-HQ-OAR-2025-0194-26126,https://www.regulations.gov/comment/EPA-HQ-OAR-2025-0194-26126,oppose,
EPA-HQ-OAR-2025-0194-10119,https://www.regulations.gov/comment/EPA-HQ-OAR-2025-0194-10119,off topic,CARB gasoline
EPA-HQ-OAR-2025-0194-9101,https://www.regulations.gov/comment/EPA-HQ-OAR-2025-0194-9101,oppose,
EPA-HQ-OAR-2025-0194-20215,https://www.regulations.gov/comment/EPA-HQ-OAR-2025-0194-20215,oppose,
EPA-HQ-OAR-2025-0194-25615,https://www.regulations.gov/comment/EPA-HQ-OAR-2025-0194-25615,oppose,
EPA-HQ-OAR-2025-0194-13317,https://www.regulations.gov/comment/EPA-HQ-OAR-2025-0194-13317,unclear,diesel
EPA-HQ-OAR-2025-0194-12824,https://www.regulations.gov/comment/EPA-HQ-OAR-2025-0194-12824,support,diesel (maybe unclear)
EPA-HQ-OAR-2025-0194-7547,https://www.regulations.gov/comment/EPA-HQ-OAR-2025-0194-7547,unclear,"wants weaker standards, but no clear statement pro or con EF"
EPA-HQ-OAR-2025-0194-24016,https://www.regulations.gov/comment/EPA-HQ-OAR-2025-0194-24016,oppose,
EPA-HQ-OAR-2025-0194-7519,https://www.regulations.gov/comment/EPA-HQ-OAR-2025-0194-7519,support,Daimler
EPA-HQ-OAR-2025-0194-3626,https://www.regulations.gov/comment/EPA-HQ-OAR-2025-0194-3626,off topic,gas price
EPA-HQ-OAR-2025-0194-1577,https://www.regulations.gov/comment/EPA-HQ-OAR-2025-0194-1577,off topic,diesel
EPA-HQ-OAR-2025-0194-26725,https://www.regulations.gov/comment/EPA-HQ-OAR-2025-0194-26725,off topic,diesel
EPA-HQ-OAR-2025-0194-0455,https://www.regulations.gov/comment/EPA-HQ-OAR-2025-0194-0455,oppose,
EPA-HQ-OAR-2025-0194-1111,https://www.regulations.gov/comment/EPA-HQ-OAR-2025-0194-1111,oppose,
EPA-HQ-OAR-2025-0194-28482,https://www.regulations.gov/comment/EPA-HQ-OAR-2025-0194-28482,support,