docket_id,model_stance,model_confidence,commenter_type
EPA-HQ-OAR-2025-0194-2057,support_rescission,medium,individual
EPA-HQ-OAR-2025-0194-20720,support_rescission,high,individual
EPA-HQ-OAR-2025-0194-4487,support_rescission,high,individual
EPA-HQ-OAR-2025-0194-24923,oppose_rescission,high,individual
EPA-HQ-OAR-2025-0194-12068,mixed,medium,individual
EPA-HQ-OAR-2025-0194-24456,oppose_rescission,high,individual
EPA-HQ-OAR-2025-0194-13979,oppose_rescission,high,individual
EPA-HQ-OAR-2025-0194-4474,oppose_rescission,high,individual
EPA-HQ-OAR-2025-0194-1412,mixed,high,individual
EPA-HQ-OAR-2025-0194-0267,unclear,medium,individual
EPA-HQ-OAR-2025-0194-12952,support_rescission,high,individual
EPA-HQ-OAR-2025-0194-14943,support_rescission,high,individual
EPA-HQ-OAR-2025-0194-13864,support_rescission,high,individual
EPA-HQ-OAR-2025-0194-14303,support_rescission,high,individual
EPA-HQ-OAR-2025-0194-1393,mixed,high,business_or_industry
EPA-HQ-OAR-2025-0194-14872,oppose_rescission,high,individual
EPA-HQ-OAR-2025-0194-1572,support_rescission,high,individual
EPA-HQ-OAR-2025-0194-12888,support_rescission,high,individual
EPA-HQ-OAR-2025-0194-12224,support_rescission,high,ngo_or_advocacy
EPA-HQ-OAR-2025-0194-5100,support_rescission,high,individual
EPA-HQ-OAR-2025-0194-26650,oppose_rescission,high,individual
EPA-HQ-OAR-2025-0194-12253,support_rescission,high,individual
EPA-HQ-OAR-2025-0194-6980,off_topic,high,individual
EPA-HQ-OAR-2025-0194-3580,oppose_rescission,high,individual
EPA-HQ-OAR-2025-0194-14974,support_rescission,high,individual
EPA-HQ-OAR-2025-0194-7689,unclear,low,individual
EPA-HQ-OAR-2025-0194-1574,support_rescission,high,individual
EPA-HQ-OAR-2025-0194-22406,support_rescission,high,individual
EPA-HQ-OAR-2025-0194-23892,off_topic,high,individual
EPA-HQ-OAR-2025-0194-12392,off_topic,medium,individual
EPA-HQ-OAR-2025-0194-8086,support_rescission,high,individual
EPA-HQ-OAR-2025-0194-11709,support_rescission,high,individual
EPA-HQ-OAR-2025-0194-10061,support_rescission,high,individual
EPA-HQ-OAR-2025-0194-2585,oppose_rescission,high,individual
EPA-HQ-OAR-2025-0194-7635,support_rescission,high,individual
EPA-HQ-OAR-2025-0194-11719,oppose_rescission,high,individual
EPA-HQ-OAR-2025-0194-18119,support_rescission,high,individual
EPA-HQ-OAR-2025-0194-11557,support_rescission,low,individual
EPA-HQ-OAR-2025-0194-7740,unclear,medium,individual
EPA-HQ-OAR-2025-0194-14928,oppose_rescission,high,individual
EPA-HQ-OAR-2025-0194-11792,support_rescission,medium,individual
EPA-HQ-OAR-2025-0194-9178,off_topic,low,individual
EPA-HQ-OAR-2025-0194-1360,mixed,medium,business_or_industry
EPA-HQ-OAR-2025-0194-2366,support_rescission,high,individual
EPA-HQ-OAR-2025-0194-7312,oppose_rescission,high,individual
EPA-HQ-OAR-2025-0194-11773,unclear,high,individual
EPA-HQ-OAR-2025-0194-26315,oppose_rescission,high,individual
EPA-HQ-OAR-2025-0194-10800,support_rescission,high,individual
EPA-HQ-OAR-2025-0194-11814,support_rescission,medium,individual
EPA-HQ-OAR-2025-0194-8927,oppose_rescission,high,individual
EPA-HQ-OAR-2025-0194-5426,mixed,low,individual
EPA-HQ-OAR-2025-0194-0755,support_rescission,high,academic_or_scientist
EPA-HQ-OAR-2025-0194-16570,off_topic,high,individual
EPA-HQ-OAR-2025-0194-7752,unclear,medium,individual
EPA-HQ-OAR-2025-0194-3327,oppose_rescission,high,individual
EPA-HQ-OAR-2025-0194-0448,oppose_rescission,high,individual
EPA-HQ-OAR-2025-0194-3265,unclear,low,individual
EPA-HQ-OAR-2025-0194-8669,support_rescission,high,individual
EPA-HQ-OAR-2025-0194-16394,oppose_rescission,high,individual
EPA-HQ-OAR-2025-0194-12761,support_rescission,high,individual
EPA-HQ-OAR-2025-0194-14260,oppose_rescission,high,individual
EPA-HQ-OAR-2025-0194-3541,unclear,medium,individual
EPA-HQ-OAR-2025-0194-26081,oppose_rescission,high,individual
EPA-HQ-OAR-2025-0194-3000,support_rescission,high,individual
EPA-HQ-OAR-2025-0194-11328,support_rescission,medium,individual
EPA-HQ-OAR-2025-0194-3028,oppose_rescission,high,individual
EPA-HQ-OAR-2025-0194-24376,oppose_rescission,high,individual
EPA-HQ-OAR-2025-0194-8501,oppose_rescission,high,individual
EPA-HQ-OAR-2025-0194-2481,oppose_rescission,high,individual
EPA-HQ-OAR-2025-0194-22603,support_rescission,medium,individual
EPA-HQ-OAR-2025-0194-2183,support_rescission,high,individual
EPA-HQ-OAR-2025-0194-22402,oppose_rescission,high,individual
EPA-HQ-OAR-2025-0194-5879,oppose_rescission,high,individual
EPA-HQ-OAR-2025-0194-6790,support_rescission,high,individual
EPA-HQ-OAR-2025-0194-23661,oppose_rescission,high,individual
EPA-HQ-OAR-2025-0194-20739,unclear,high,ngo_or_advocacy
EPA-HQ-OAR-2025-0194-28970,oppose_rescission,high,individual
EPA-HQ-OAR-2025-0194-20330,oppose_rescission,high,individual
EPA-HQ-OAR-2025-0194-14364,oppose_rescission,high,ngo_or_advocacy
EPA-HQ-OAR-2025-0194-28190,unclear,high,individual
EPA-HQ-OAR-2025-0194-13585,support_rescission,high,individual
EPA-HQ-OAR-2025-0194-9618,support_rescission,high,individual
EPA-HQ-OAR-2025-0194-14359,support_rescission,high,individual
EPA-HQ-OAR-2025-0194-28688,oppose_rescission,high,individual
EPA-HQ-OAR-2025-0194-8827,off_topic,high,individual
EPA-HQ-OAR-2025-0194-18482,oppose_rescission,high,individual
EPA-HQ-OAR-2025-0194-26151,oppose_rescission,high,individual
EPA-HQ-OAR-2025-0194-12405,support_rescission,low,individual
EPA-HQ-OAR-2025-0194-17937,oppose_rescission,high,individual
EPA-HQ-OAR-2025-0194-10208,support_rescission,high,business_or_industry
EPA-HQ-OAR-2025-0194-12779,support_rescission,medium,individual
EPA-HQ-OAR-2025-0194-3436,unclear,low,individual
EPA-HQ-OAR-2025-0194-4885,mixed,medium,individual
EPA-HQ-OAR-2025-0194-1294,support_rescission,high,ngo_or_advocacy
EPA-HQ-OAR-2025-0194-16343,oppose_rescission,high,ngo_or_advocacy
EPA-HQ-OAR-2025-0194-19580,oppose_rescission,high,individual
EPA-HQ-OAR-2025-0194-24080,oppose_rescission,high,individual
EPA-HQ-OAR-2025-0194-25510,oppose_rescission,high,individual
EPA-HQ-OAR-2025-0194-21899,oppose_rescission,high,individual
EPA-HQ-OAR-2025-0194-6109,unclear,low,individual
EPA-HQ-OAR-2025-0194-14585,off_topic,high,individual
EPA-HQ-OAR-2025-0194-14595,unclear,medium,business_or_industry
EPA-HQ-OAR-2025-0194-29192,oppose_rescission,high,individual
EPA-HQ-OAR-2025-0194-13421,support_rescission,medium,individual
EPA-HQ-OAR-2025-0194-26126,oppose_rescission,high,individual
EPA-HQ-OAR-2025-0194-10119,unclear,low,individual
EPA-HQ-OAR-2025-0194-9101,oppose_rescission,high,individual
EPA-HQ-OAR-2025-0194-20215,oppose_rescission,high,individual
EPA-HQ-OAR-2025-0194-25615,oppose_rescission,high,individual
EPA-HQ-OAR-2025-0194-13317,support_rescission,medium,individual
EPA-HQ-OAR-2025-0194-12824,support_rescission,medium,individual
EPA-HQ-OAR-2025-0194-7547,mixed,low,trade_association
EPA-HQ-OAR-2025-0194-24016,oppose_rescission,high,individual
EPA-HQ-OAR-2025-0194-7519,support_rescission,high,business_or_industry
EPA-HQ-OAR-2025-0194-3626,unclear,low,individual
EPA-HQ-OAR-2025-0194-1577,mixed,low,business_or_industry
EPA-HQ-OAR-2025-0194-26725,unclear,low,individual
EPA-HQ-OAR-2025-0194-0455,oppose_rescission,high,individual
EPA-HQ-OAR-2025-0194-1111,oppose_rescission,high,individual
EPA-HQ-OAR-2025-0194-28482,support_rescission,high,academic_or_scientist
