docket_id,url,commenter_type,hand_stance,hand_note,model_stance,model_confidence,agree
EPA-HQ-OAR-2025-0194-2057,https://www.regulations.gov/comment/EPA-HQ-OAR-2025-0194-2057,individual,support_rescission,,support_rescission,medium,1
EPA-HQ-OAR-2025-0194-20720,https://www.regulations.gov/comment/EPA-HQ-OAR-2025-0194-20720,individual,support_rescission,,support_rescission,high,1
EPA-HQ-OAR-2025-0194-4487,https://www.regulations.gov/comment/EPA-HQ-OAR-2025-0194-4487,individual,support_rescission,,support_rescission,high,1
EPA-HQ-OAR-2025-0194-24923,https://www.regulations.gov/comment/EPA-HQ-OAR-2025-0194-24923,individual,oppose_rescission,,oppose_rescission,high,1
EPA-HQ-OAR-2025-0194-12068,https://www.regulations.gov/comment/EPA-HQ-OAR-2025-0194-12068,individual,support_rescission,,mixed,medium,0
EPA-HQ-OAR-2025-0194-24456,https://www.regulations.gov/comment/EPA-HQ-OAR-2025-0194-24456,individual,oppose_rescission,,oppose_rescission,high,1
EPA-HQ-OAR-2025-0194-13979,https://www.regulations.gov/comment/EPA-HQ-OAR-2025-0194-13979,individual,oppose_rescission,,oppose_rescission,high,1
EPA-HQ-OAR-2025-0194-4474,https://www.regulations.gov/comment/EPA-HQ-OAR-2025-0194-4474,individual,oppose_rescission,,oppose_rescission,high,1
EPA-HQ-OAR-2025-0194-1412,https://www.regulations.gov/comment/EPA-HQ-OAR-2025-0194-1412,individual,mixed,"supports getting rid of vehicle regs, but also supports the endangerment finding",mixed,high,1
EPA-HQ-OAR-2025-0194-0267,https://www.regulations.gov/comment/EPA-HQ-OAR-2025-0194-0267,individual,unclear,crazy science,unclear,medium,1
EPA-HQ-OAR-2025-0194-12952,https://www.regulations.gov/comment/EPA-HQ-OAR-2025-0194-12952,individual,support_rescission,,support_rescission,high,1
EPA-HQ-OAR-2025-0194-14943,https://www.regulations.gov/comment/EPA-HQ-OAR-2025-0194-14943,individual,support_rescission,,support_rescission,high,1
EPA-HQ-OAR-2025-0194-13864,https://www.regulations.gov/comment/EPA-HQ-OAR-2025-0194-13864,individual,support_rescission,,support_rescission,high,1
EPA-HQ-OAR-2025-0194-14303,https://www.regulations.gov/comment/EPA-HQ-OAR-2025-0194-14303,individual,support_rescission,identical to 14943,support_rescission,high,1
EPA-HQ-OAR-2025-0194-1393,https://www.regulations.gov/comment/EPA-HQ-OAR-2025-0194-1393,business_or_industry,oppose_rescission,Ford!,mixed,high,0
EPA-HQ-OAR-2025-0194-14872,https://www.regulations.gov/comment/EPA-HQ-OAR-2025-0194-14872,individual,oppose_rescission,,oppose_rescission,high,1
EPA-HQ-OAR-2025-0194-1572,https://www.regulations.gov/comment/EPA-HQ-OAR-2025-0194-1572,individual,support_rescission,(I think the same person commented earlier?),support_rescission,high,1
EPA-HQ-OAR-2025-0194-12888,https://www.regulations.gov/comment/EPA-HQ-OAR-2025-0194-12888,individual,support_rescission,,support_rescission,high,1
EPA-HQ-OAR-2025-0194-12224,https://www.regulations.gov/comment/EPA-HQ-OAR-2025-0194-12224,ngo_or_advocacy,support_rescission,,support_rescission,high,1
EPA-HQ-OAR-2025-0194-5100,https://www.regulations.gov/comment/EPA-HQ-OAR-2025-0194-5100,individual,support_rescission,,support_rescission,high,1
EPA-HQ-OAR-2025-0194-26650,https://www.regulations.gov/comment/EPA-HQ-OAR-2025-0194-26650,individual,oppose_rescission,,oppose_rescission,high,1
EPA-HQ-OAR-2025-0194-12253,https://www.regulations.gov/comment/EPA-HQ-OAR-2025-0194-12253,individual,support_rescission,,support_rescission,high,1
EPA-HQ-OAR-2025-0194-6980,https://www.regulations.gov/comment/EPA-HQ-OAR-2025-0194-6980,individual,off_topic,shade trees,off_topic,high,1
EPA-HQ-OAR-2025-0194-3580,https://www.regulations.gov/comment/EPA-HQ-OAR-2025-0194-3580,individual,oppose_rescission,,oppose_rescission,high,1
EPA-HQ-OAR-2025-0194-14974,https://www.regulations.gov/comment/EPA-HQ-OAR-2025-0194-14974,individual,support_rescission,,support_rescission,high,1
EPA-HQ-OAR-2025-0194-7689,https://www.regulations.gov/comment/EPA-HQ-OAR-2025-0194-7689,individual,unclear,responds to another comment?,unclear,low,1
EPA-HQ-OAR-2025-0194-1574,https://www.regulations.gov/comment/EPA-HQ-OAR-2025-0194-1574,individual,support_rescission,,support_rescission,high,1
EPA-HQ-OAR-2025-0194-22406,https://www.regulations.gov/comment/EPA-HQ-OAR-2025-0194-22406,individual,support_rescission,,support_rescission,high,1
EPA-HQ-OAR-2025-0194-23892,https://www.regulations.gov/comment/EPA-HQ-OAR-2025-0194-23892,individual,oppose_rescission,,off_topic,high,0
EPA-HQ-OAR-2025-0194-12392,https://www.regulations.gov/comment/EPA-HQ-OAR-2025-0194-12392,individual,off_topic,population,off_topic,medium,1
EPA-HQ-OAR-2025-0194-8086,https://www.regulations.gov/comment/EPA-HQ-OAR-2025-0194-8086,individual,support_rescission,,support_rescission,high,1
EPA-HQ-OAR-2025-0194-11709,https://www.regulations.gov/comment/EPA-HQ-OAR-2025-0194-11709,individual,support_rescission,,support_rescission,high,1
EPA-HQ-OAR-2025-0194-10061,https://www.regulations.gov/comment/EPA-HQ-OAR-2025-0194-10061,individual,support_rescission,,support_rescission,high,1
EPA-HQ-OAR-2025-0194-2585,https://www.regulations.gov/comment/EPA-HQ-OAR-2025-0194-2585,individual,oppose_rescission,,oppose_rescission,high,1
EPA-HQ-OAR-2025-0194-7635,https://www.regulations.gov/comment/EPA-HQ-OAR-2025-0194-7635,individual,support_rescission,,support_rescission,high,1
EPA-HQ-OAR-2025-0194-11719,https://www.regulations.gov/comment/EPA-HQ-OAR-2025-0194-11719,individual,oppose_rescission,,oppose_rescission,high,1
EPA-HQ-OAR-2025-0194-18119,https://www.regulations.gov/comment/EPA-HQ-OAR-2025-0194-18119,individual,support_rescission,"princeton engineer, JHU ms, undergrad research prize",support_rescission,high,1
EPA-HQ-OAR-2025-0194-11557,https://www.regulations.gov/comment/EPA-HQ-OAR-2025-0194-11557,individual,unclear,"diesel, but doesn't actually say get rid of regulation.",support_rescission,low,0
EPA-HQ-OAR-2025-0194-7740,https://www.regulations.gov/comment/EPA-HQ-OAR-2025-0194-7740,individual,unclear,"wants clean vehicles, but worried about cost",unclear,medium,1
EPA-HQ-OAR-2025-0194-14928,https://www.regulations.gov/comment/EPA-HQ-OAR-2025-0194-14928,individual,oppose_rescission,,oppose_rescission,high,1
EPA-HQ-OAR-2025-0194-11792,https://www.regulations.gov/comment/EPA-HQ-OAR-2025-0194-11792,individual,support_rescission,diesel,support_rescission,medium,1
EPA-HQ-OAR-2025-0194-9178,https://www.regulations.gov/comment/EPA-HQ-OAR-2025-0194-9178,individual,off_topic,water,off_topic,low,1
EPA-HQ-OAR-2025-0194-1360,https://www.regulations.gov/comment/EPA-HQ-OAR-2025-0194-1360,business_or_industry,mixed,"Volvo (wants less regs, but not no regs)",mixed,medium,1
EPA-HQ-OAR-2025-0194-2366,https://www.regulations.gov/comment/EPA-HQ-OAR-2025-0194-2366,individual,support_rescission,,support_rescission,high,1
EPA-HQ-OAR-2025-0194-7312,https://www.regulations.gov/comment/EPA-HQ-OAR-2025-0194-7312,individual,oppose_rescission,,oppose_rescission,high,1
EPA-HQ-OAR-2025-0194-11773,https://www.regulations.gov/comment/EPA-HQ-OAR-2025-0194-11773,individual,off_topic,test,unclear,high,0
EPA-HQ-OAR-2025-0194-26315,https://www.regulations.gov/comment/EPA-HQ-OAR-2025-0194-26315,individual,oppose_rescission,,oppose_rescission,high,1
EPA-HQ-OAR-2025-0194-10800,https://www.regulations.gov/comment/EPA-HQ-OAR-2025-0194-10800,individual,support_rescission,diesel,support_rescission,high,1
EPA-HQ-OAR-2025-0194-11814,https://www.regulations.gov/comment/EPA-HQ-OAR-2025-0194-11814,individual,support_rescission,diesel,support_rescission,medium,1
EPA-HQ-OAR-2025-0194-8927,https://www.regulations.gov/comment/EPA-HQ-OAR-2025-0194-8927,individual,oppose_rescission,,oppose_rescission,high,1
EPA-HQ-OAR-2025-0194-5426,https://www.regulations.gov/comment/EPA-HQ-OAR-2025-0194-5426,individual,unclear,water bills but rollback concern,mixed,low,0
EPA-HQ-OAR-2025-0194-0755,https://www.regulations.gov/comment/EPA-HQ-OAR-2025-0194-0755,academic_or_scientist,support_rescission,crazy science,support_rescission,high,1
EPA-HQ-OAR-2025-0194-16570,https://www.regulations.gov/comment/EPA-HQ-OAR-2025-0194-16570,individual,off_topic,,off_topic,high,1
EPA-HQ-OAR-2025-0194-7752,https://www.regulations.gov/comment/EPA-HQ-OAR-2025-0194-7752,individual,unclear,diesel,unclear,medium,1
EPA-HQ-OAR-2025-0194-3327,https://www.regulations.gov/comment/EPA-HQ-OAR-2025-0194-3327,individual,oppose_rescission,,oppose_rescission,high,1
EPA-HQ-OAR-2025-0194-0448,https://www.regulations.gov/comment/EPA-HQ-OAR-2025-0194-0448,individual,oppose_rescission,,oppose_rescission,high,1
EPA-HQ-OAR-2025-0194-3265,https://www.regulations.gov/comment/EPA-HQ-OAR-2025-0194-3265,individual,unclear,citizen accountability,unclear,low,1
EPA-HQ-OAR-2025-0194-8669,https://www.regulations.gov/comment/EPA-HQ-OAR-2025-0194-8669,individual,support_rescission,,support_rescission,high,1
EPA-HQ-OAR-2025-0194-16394,https://www.regulations.gov/comment/EPA-HQ-OAR-2025-0194-16394,individual,oppose_rescission,,oppose_rescission,high,1
EPA-HQ-OAR-2025-0194-12761,https://www.regulations.gov/comment/EPA-HQ-OAR-2025-0194-12761,individual,support_rescission,diesel,support_rescission,high,1
EPA-HQ-OAR-2025-0194-14260,https://www.regulations.gov/comment/EPA-HQ-OAR-2025-0194-14260,individual,oppose_rescission,,oppose_rescission,high,1
EPA-HQ-OAR-2025-0194-3541,https://www.regulations.gov/comment/EPA-HQ-OAR-2025-0194-3541,individual,unclear,leans oppose,unclear,medium,1
EPA-HQ-OAR-2025-0194-26081,https://www.regulations.gov/comment/EPA-HQ-OAR-2025-0194-26081,individual,oppose_rescission,,oppose_rescission,high,1
EPA-HQ-OAR-2025-0194-3000,https://www.regulations.gov/comment/EPA-HQ-OAR-2025-0194-3000,individual,support_rescission,,support_rescission,high,1
EPA-HQ-OAR-2025-0194-11328,https://www.regulations.gov/comment/EPA-HQ-OAR-2025-0194-11328,individual,support_rescission,diesel,support_rescission,medium,1
EPA-HQ-OAR-2025-0194-3028,https://www.regulations.gov/comment/EPA-HQ-OAR-2025-0194-3028,individual,oppose_rescission,,oppose_rescission,high,1
EPA-HQ-OAR-2025-0194-24376,https://www.regulations.gov/comment/EPA-HQ-OAR-2025-0194-24376,individual,oppose_rescission,,oppose_rescission,high,1
EPA-HQ-OAR-2025-0194-8501,https://www.regulations.gov/comment/EPA-HQ-OAR-2025-0194-8501,individual,oppose_rescission,,oppose_rescission,high,1
EPA-HQ-OAR-2025-0194-2481,https://www.regulations.gov/comment/EPA-HQ-OAR-2025-0194-2481,individual,oppose_rescission,,oppose_rescission,high,1
EPA-HQ-OAR-2025-0194-22603,https://www.regulations.gov/comment/EPA-HQ-OAR-2025-0194-22603,individual,support_rescission,diesel,support_rescission,medium,1
EPA-HQ-OAR-2025-0194-2183,https://www.regulations.gov/comment/EPA-HQ-OAR-2025-0194-2183,individual,support_rescission,,support_rescission,high,1
EPA-HQ-OAR-2025-0194-22402,https://www.regulations.gov/comment/EPA-HQ-OAR-2025-0194-22402,individual,oppose_rescission,,oppose_rescission,high,1
EPA-HQ-OAR-2025-0194-5879,https://www.regulations.gov/comment/EPA-HQ-OAR-2025-0194-5879,individual,oppose_rescission,,oppose_rescission,high,1
EPA-HQ-OAR-2025-0194-6790,https://www.regulations.gov/comment/EPA-HQ-OAR-2025-0194-6790,individual,support_rescission,,support_rescission,high,1
EPA-HQ-OAR-2025-0194-23661,https://www.regulations.gov/comment/EPA-HQ-OAR-2025-0194-23661,individual,oppose_rescission,,oppose_rescission,high,1
EPA-HQ-OAR-2025-0194-20739,https://www.regulations.gov/comment/EPA-HQ-OAR-2025-0194-20739,ngo_or_advocacy,off_topic,wants to speak at hearing,unclear,high,0
EPA-HQ-OAR-2025-0194-28970,https://www.regulations.gov/comment/EPA-HQ-OAR-2025-0194-28970,individual,oppose_rescission,,oppose_rescission,high,1
EPA-HQ-OAR-2025-0194-20330,https://www.regulations.gov/comment/EPA-HQ-OAR-2025-0194-20330,individual,oppose_rescission,,oppose_rescission,high,1
EPA-HQ-OAR-2025-0194-14364,https://www.regulations.gov/comment/EPA-HQ-OAR-2025-0194-14364,ngo_or_advocacy,oppose_rescission,,oppose_rescission,high,1
EPA-HQ-OAR-2025-0194-28190,https://www.regulations.gov/comment/EPA-HQ-OAR-2025-0194-28190,individual,off_topic,info about services,unclear,high,0
EPA-HQ-OAR-2025-0194-13585,https://www.regulations.gov/comment/EPA-HQ-OAR-2025-0194-13585,individual,support_rescission,,support_rescission,high,1
EPA-HQ-OAR-2025-0194-9618,https://www.regulations.gov/comment/EPA-HQ-OAR-2025-0194-9618,individual,support_rescission,,support_rescission,high,1
EPA-HQ-OAR-2025-0194-14359,https://www.regulations.gov/comment/EPA-HQ-OAR-2025-0194-14359,individual,support_rescission,diesel,support_rescission,high,1
EPA-HQ-OAR-2025-0194-28688,https://www.regulations.gov/comment/EPA-HQ-OAR-2025-0194-28688,individual,oppose_rescission,,oppose_rescission,high,1
EPA-HQ-OAR-2025-0194-8827,https://www.regulations.gov/comment/EPA-HQ-OAR-2025-0194-8827,individual,off_topic,gravity electricity,off_topic,high,1
EPA-HQ-OAR-2025-0194-18482,https://www.regulations.gov/comment/EPA-HQ-OAR-2025-0194-18482,individual,oppose_rescission,,oppose_rescission,high,1
EPA-HQ-OAR-2025-0194-26151,https://www.regulations.gov/comment/EPA-HQ-OAR-2025-0194-26151,individual,oppose_rescission,,oppose_rescission,high,1
EPA-HQ-OAR-2025-0194-12405,https://www.regulations.gov/comment/EPA-HQ-OAR-2025-0194-12405,individual,unclear,"diesel, lean support",support_rescission,low,0
EPA-HQ-OAR-2025-0194-17937,https://www.regulations.gov/comment/EPA-HQ-OAR-2025-0194-17937,individual,oppose_rescission,,oppose_rescission,high,1
EPA-HQ-OAR-2025-0194-10208,https://www.regulations.gov/comment/EPA-HQ-OAR-2025-0194-10208,business_or_industry,support_rescission,diesel (maybe unclear),support_rescission,high,1
EPA-HQ-OAR-2025-0194-12779,https://www.regulations.gov/comment/EPA-HQ-OAR-2025-0194-12779,individual,support_rescission,diesel (maybe unclear),support_rescission,medium,1
EPA-HQ-OAR-2025-0194-3436,https://www.regulations.gov/comment/EPA-HQ-OAR-2025-0194-3436,individual,off_topic,probably oppose,unclear,low,0
EPA-HQ-OAR-2025-0194-4885,https://www.regulations.gov/comment/EPA-HQ-OAR-2025-0194-4885,individual,unclear,,mixed,medium,0
EPA-HQ-OAR-2025-0194-1294,https://www.regulations.gov/comment/EPA-HQ-OAR-2025-0194-1294,ngo_or_advocacy,support_rescission,,support_rescission,high,1
EPA-HQ-OAR-2025-0194-16343,https://www.regulations.gov/comment/EPA-HQ-OAR-2025-0194-16343,ngo_or_advocacy,oppose_rescission,,oppose_rescission,high,1
EPA-HQ-OAR-2025-0194-19580,https://www.regulations.gov/comment/EPA-HQ-OAR-2025-0194-19580,individual,oppose_rescission,,oppose_rescission,high,1
EPA-HQ-OAR-2025-0194-24080,https://www.regulations.gov/comment/EPA-HQ-OAR-2025-0194-24080,individual,oppose_rescission,,oppose_rescission,high,1
EPA-HQ-OAR-2025-0194-25510,https://www.regulations.gov/comment/EPA-HQ-OAR-2025-0194-25510,individual,oppose_rescission,,oppose_rescission,high,1
EPA-HQ-OAR-2025-0194-21899,https://www.regulations.gov/comment/EPA-HQ-OAR-2025-0194-21899,individual,oppose_rescission,,oppose_rescission,high,1
EPA-HQ-OAR-2025-0194-6109,https://www.regulations.gov/comment/EPA-HQ-OAR-2025-0194-6109,individual,off_topic,,unclear,low,0
EPA-HQ-OAR-2025-0194-14585,https://www.regulations.gov/comment/EPA-HQ-OAR-2025-0194-14585,individual,off_topic,,off_topic,high,1
EPA-HQ-OAR-2025-0194-14595,https://www.regulations.gov/comment/EPA-HQ-OAR-2025-0194-14595,business_or_industry,unclear,diesel,unclear,medium,1
EPA-HQ-OAR-2025-0194-29192,https://www.regulations.gov/comment/EPA-HQ-OAR-2025-0194-29192,individual,oppose_rescission,,oppose_rescission,high,1
EPA-HQ-OAR-2025-0194-13421,https://www.regulations.gov/comment/EPA-HQ-OAR-2025-0194-13421,individual,support_rescission,diesel (maybe unclear),support_rescission,medium,1
EPA-HQ-OAR-2025-0194-26126,https://www.regulations.gov/comment/EPA-HQ-OAR-2025-0194-26126,individual,oppose_rescission,,oppose_rescission,high,1
EPA-HQ-OAR-2025-0194-10119,https://www.regulations.gov/comment/EPA-HQ-OAR-2025-0194-10119,individual,off_topic,CARB gasoline,unclear,low,0
EPA-HQ-OAR-2025-0194-9101,https://www.regulations.gov/comment/EPA-HQ-OAR-2025-0194-9101,individual,oppose_rescission,,oppose_rescission,high,1
EPA-HQ-OAR-2025-0194-20215,https://www.regulations.gov/comment/EPA-HQ-OAR-2025-0194-20215,individual,oppose_rescission,,oppose_rescission,high,1
EPA-HQ-OAR-2025-0194-25615,https://www.regulations.gov/comment/EPA-HQ-OAR-2025-0194-25615,individual,oppose_rescission,,oppose_rescission,high,1
EPA-HQ-OAR-2025-0194-13317,https://www.regulations.gov/comment/EPA-HQ-OAR-2025-0194-13317,individual,unclear,diesel,support_rescission,medium,0
EPA-HQ-OAR-2025-0194-12824,https://www.regulations.gov/comment/EPA-HQ-OAR-2025-0194-12824,individual,support_rescission,diesel (maybe unclear),support_rescission,medium,1
EPA-HQ-OAR-2025-0194-7547,https://www.regulations.gov/comment/EPA-HQ-OAR-2025-0194-7547,trade_association,unclear,"wants weaker standards, but no clear statement pro or con EF",mixed,low,0
EPA-HQ-OAR-2025-0194-24016,https://www.regulations.gov/comment/EPA-HQ-OAR-2025-0194-24016,individual,oppose_rescission,,oppose_rescission,high,1
EPA-HQ-OAR-2025-0194-7519,https://www.regulations.gov/comment/EPA-HQ-OAR-2025-0194-7519,business_or_industry,support_rescission,Daimler,support_rescission,high,1
EPA-HQ-OAR-2025-0194-3626,https://www.regulations.gov/comment/EPA-HQ-OAR-2025-0194-3626,individual,off_topic,gas price,unclear,low,0
EPA-HQ-OAR-2025-0194-1577,https://www.regulations.gov/comment/EPA-HQ-OAR-2025-0194-1577,business_or_industry,off_topic,diesel,mixed,low,0
EPA-HQ-OAR-2025-0194-26725,https://www.regulations.gov/comment/EPA-HQ-OAR-2025-0194-26725,individual,off_topic,diesel,unclear,low,0
EPA-HQ-OAR-2025-0194-0455,https://www.regulations.gov/comment/EPA-HQ-OAR-2025-0194-0455,individual,oppose_rescission,,oppose_rescission,high,1
EPA-HQ-OAR-2025-0194-1111,https://www.regulations.gov/comment/EPA-HQ-OAR-2025-0194-1111,individual,oppose_rescission,,oppose_rescission,high,1
EPA-HQ-OAR-2025-0194-28482,https://www.regulations.gov/comment/EPA-HQ-OAR-2025-0194-28482,academic_or_scientist,support_rescission,,support_rescission,high,1
