docket_id,url,sponsor,signatures,signature_source,stance,decisive_text,note
EPA-HQ-OAR-2025-0194-2680,https://www.regulations.gov/comment/EPA-HQ-OAR-2025-0194-2680,sponsoring organization unknown,48118,RTC Appendix A signatures,OPPOSE,"ntal Protection Agency Administrator Lee Zeldin, I strongly oppose the EPA’s proposed repeal of the Endangerment Finding. This",
EPA-HQ-OAR-2025-0194-1428,https://www.regulations.gov/comment/EPA-HQ-OAR-2025-0194-1428,sponsored by Natural Resources Defense Council (NRDC),43169,RTC Appendix A signatures,OPPOSE,ling over to do the bidding of big polluters. I urge you to keep the endangerment finding to protect our climate and our health,
EPA-HQ-OAR-2025-0194-2681,https://www.regulations.gov/comment/EPA-HQ-OAR-2025-0194-2681,sponsoring organization unknown,32622,RTC Appendix A signatures,OPPOSE,25 9:37:48 AM Subject: Docket ID No. EPA-HQ-OAR-2025-0194 - Reject the Repeal of the Endangerment Finding --------------------,
EPA-HQ-OAR-2025-0194-2682,https://www.regulations.gov/comment/EPA-HQ-OAR-2025-0194-2682,sponsoring organization unknown,31015,RTC Appendix A signatures,OPPOSE,"links. Dear Regulations.gov EPA Public Comment, I strongly oppose your proposal to rescind the Endangerment Finding and to el",
EPA-HQ-OAR-2025-0194-2683,https://www.regulations.gov/comment/EPA-HQ-OAR-2025-0194-2683,sponsoring organization unknown,29666,RTC Appendix A signatures,OPPOSE,8:05 AM Subject: Docket ID No. EPA–HQ–OAR– 2025–0194 Please withdraw this proposal -----------------------------------------------------------,
EPA-HQ-OAR-2025-0194-2629,https://www.regulations.gov/comment/EPA-HQ-OAR-2025-0194-2629,sponsoring organization unknown,22263,RTC Appendix A signatures,OPPOSE,INLINE: I strongly oppose your proposal to rescind the Endangerment Finding and to el,
EPA-HQ-OAR-2025-0194-1426,https://www.regulations.gov/comment/EPA-HQ-OAR-2025-0194-1426,sponsored by National Audubon Society,21013,RTC Appendix A signatures,OPPOSE,Society asking the U.S. Environmental Protection Agency to uphold the Endangerment Finding.<br/><br/>Many people submitted pe,
EPA-HQ-OAR-2025-0194-1443,https://www.regulations.gov/comment/EPA-HQ-OAR-2025-0194-1443,sponsored by Evergreen Action,20236,RTC Appendix A signatures,OPPOSE,"the following text: I’m writing to you today with my strong opposition to your efforts to revoke the endangerment finding, which a",
EPA-HQ-OAR-2025-0194-0251,https://www.regulations.gov/comment/EPA-HQ-OAR-2025-0194-0251,sponsored by Sierra Club,16098,RTC Appendix A signatures,OPPOSE,"Sierra Club, 16,098 signers: 'The 2009 endangerment finding is based on overwhelming scientific evidence ... Please do your job and protect our environment'",
EPA-HQ-OAR-2025-0194-1425,https://www.regulations.gov/comment/EPA-HQ-OAR-2025-0194-1425,sponsored by Center for Biological Diversity,13985,RTC Appendix A signatures,OPPOSE,"ty supporters urging the Environmental Protection Agency to maintain its 2009 endangerment finding, which requires the agency to",
EPA-HQ-OAR-2025-0194-1431,https://www.regulations.gov/comment/EPA-HQ-OAR-2025-0194-1431,sponsored by Climate Hawks Vote Civic Action,13788,RTC Appendix A signatures,OPPOSE,mbers and supporters we are submitting this updated comment opposing the Reconsideration of 2009 Endangerment Finding and Greenh,
EPA-HQ-OAR-2025-0194-2684,https://www.regulations.gov/comment/EPA-HQ-OAR-2025-0194-2684,sponsoring organization unknown,13330,RTC Appendix A signatures,OPPOSE,> Date: 8/6/2025 6:32:00 PM Subject: EPA-HQ-OAR-2025-0194 - Hands off our climate safeguards! -----------------------------------,
EPA-HQ-OAR-2025-0194-1427,https://www.regulations.gov/comment/EPA-HQ-OAR-2025-0194-1427,sponsored by Natural Resources Defense Council (NRDC),13253,RTC Appendix A signatures,OPPOSE,"ve air quality, and help address the climate crisis. Please keep strong standards in place. Thank you. Thank you for considering th",
EPA-HQ-OAR-2025-0194-1439,https://www.regulations.gov/comment/EPA-HQ-OAR-2025-0194-1439,sponsored by Friends of the Earth,13079,RTC Appendix A signatures,OPPOSE,he Earth and its undersigned members and activists strongly oppose the EPA's proposal to unlawfully revoke the Endangerment Fi,
EPA-HQ-OAR-2025-0194-2685,https://www.regulations.gov/comment/EPA-HQ-OAR-2025-0194-2685,sponsoring organization unknown,12581,RTC Appendix A signatures,OPPOSE,"that greenhouse gasses threaten public health and welfare, do not repeal the Endangerment Finding in docket in docket EPA-HQ-OAR-202",
EPA-HQ-OAR-2025-0194-2648,https://www.regulations.gov/comment/EPA-HQ-OAR-2025-0194-2648,sponsoring organization unknown,11348,RTC Appendix A signatures,OPPOSE,Sierra Club letter text: 'The 2009 endangerment finding is based on overwhelming scientific evidence',
EPA-HQ-OAR-2025-0194-2635,https://www.regulations.gov/comment/EPA-HQ-OAR-2025-0194-2635,sponsoring organization unknown,10541,RTC Appendix A signatures,OPPOSE,writing as a concerned member of the public to urge you to uphold the Environmental Protection Agency&#39;s Endangerment Find,
EPA-HQ-OAR-2025-0194-0782,https://www.regulations.gov/comment/EPA-HQ-OAR-2025-0194-0782,sponsored by Green America,9465,RTC Appendix A signatures,OPPOSE,br/>Green America has over 9000 signatures on a petition to keep the Endangerment Finding in Place. ATT EPA-HQ-OAR-2025-0194-078,
EPA-HQ-OAR-2025-0194-1438,https://www.regulations.gov/comment/EPA-HQ-OAR-2025-0194-1438,sponsored by Green America,9465,RTC Appendix A signatures,OPPOSE,"put public health, the economy, and our climate at risk. I oppose your blatant attempt to deliver handouts to big polluters w",
EPA-HQ-OAR-2025-0194-1433,https://www.regulations.gov/comment/EPA-HQ-OAR-2025-0194-1433,sponsored by 350.org,9125,RTC Appendix A signatures,OPPOSE,"Docket # EPA-HQ-OAR- - - .org and the undersigned strongly oppose the proposal to revoke the “endangerment nding,” which allo",
EPA-HQ-OAR-2025-0194-1432,https://www.regulations.gov/comment/EPA-HQ-OAR-2025-0194-1432,sponsoring organization unknown,9040,RTC Appendix A signatures,OPPOSE,at any age. The Environmental Protection Agency (EPA) must uphold its mission to protect human health and the environment by,
EPA-HQ-OAR-2025-0194-1424,https://www.regulations.gov/comment/EPA-HQ-OAR-2025-0194-1424,sponsoring organization unknown,8765,RTC Appendix A signatures,OPPOSE,"development for little hearts, lungs, and brains. EPA must keep cutting greenhouse gas emissions. The health of our families and th",
EPA-HQ-OAR-2025-0194-1459,https://www.regulations.gov/comment/EPA-HQ-OAR-2025-0194-1459,sponsored by Chesapeake Climate Action Network (CCAN),7932,RTC Appendix A signatures,OPPOSE,"eake Climate Action Network (CCAN) members, we urge the EPA NOT to repeal the Endangerment Finding. The Endangerment Finding is the c",
EPA-HQ-OAR-2025-0194-1440,https://www.regulations.gov/comment/EPA-HQ-OAR-2025-0194-1440,sponsored by The Climate Reality Project,7584,RTC Appendix A signatures,OPPOSE,"Administrator Zeldin, We are writing to express our strong opposition to the Environmental Protection Agency’s proposal to rescin",
EPA-HQ-OAR-2025-0194-1434,https://www.regulations.gov/comment/EPA-HQ-OAR-2025-0194-1434,sponsored by Earth Day Network (d.b.a. EARTHDAY.ORG),7269,RTC Appendix A signatures,OPPOSE,"rnment, the EPA has a responsibility to its constituents to maintain the Endangerment Finding, with 86% of all voters in opposit",
EPA-HQ-OAR-2025-0194-2686,https://www.regulations.gov/comment/EPA-HQ-OAR-2025-0194-2686,sponsoring organization unknown,7214,RTC Appendix A signatures,OPPOSE,2025 4:59:48 PM Subject: I am writing today to tell the EPA not to rescind the landmark 2009 Endangerment Finding and rolling back veh,
EPA-HQ-OAR-2025-0194-2625,https://www.regulations.gov/comment/EPA-HQ-OAR-2025-0194-2625,sponsored by EarthDay.org,7096,RTC Appendix A signatures,OPPOSE,"rnment, the EPA has a responsibility to its constituents to maintain the Endangerment Finding, with 86% of all voters in opposit",
EPA-HQ-OAR-2025-0194-1430,https://www.regulations.gov/comment/EPA-HQ-OAR-2025-0194-1430,sponsored by Earthjustice,6326,RTC Appendix A signatures,OPPOSE,"the names of 6,326 individuals who have submitted comments opposing the U.S. Environmental Protection Agency’s proposal to resc",
EPA-HQ-OAR-2025-0194-1728,https://www.regulations.gov/comment/EPA-HQ-OAR-2025-0194-1728,sponsored by The Climate Reality Project,4934,RTC Appendix A signatures,OPPOSE,r Administrator Zeldin We are writing to express our strong opposition to the Environmental Protection Agency’s proposal to rescin,
EPA-HQ-OAR-2025-0194-0781,https://www.regulations.gov/comment/EPA-HQ-OAR-2025-0194-0781,sponsored by California Interfaith Power & Light (CIPL),4667,RTC Appendix A signatures,OPPOSE,",<br/><br/>We, the undersigned, write to express our strong opposition to the proposals to rescind the endangerment finding and re",
EPA-HQ-OAR-2025-0194-1423,https://www.regulations.gov/comment/EPA-HQ-OAR-2025-0194-1423,sponsored by Earthjustice,4635,RTC Appendix A signatures,OPPOSE,"the names of 4,635 individuals who have submitted comments opposing the U.S. Environmental Protection Agency’s proposal to resc",
EPA-HQ-OAR-2025-0194-1451,https://www.regulations.gov/comment/EPA-HQ-OAR-2025-0194-1451,sponsored by Better Path Coalition,4072,RTC Appendix A signatures,OPPOSE,with 4072 signatures. ATT EPA-HQ-OAR-2025-0194-1451_0.pdf: Do Not Rescind the Endangerment Finding on Greenhouse Gas Emissions To: EP,
EPA-HQ-OAR-2025-0194-1460,https://www.regulations.gov/comment/EPA-HQ-OAR-2025-0194-1460,sponsored by Ocean Conservancy,3861,RTC Appendix A signatures,OPPOSE,"EPA-HQ- OAR-2025-0194 Dear Administrator Zeldin, I urge you not to repeal the Endangerment Finding, which has played an essential rol",
EPA-HQ-OAR-2025-0194-2633,https://www.regulations.gov/comment/EPA-HQ-OAR-2025-0194-2633,sponsoring organization unknown,3727,RTC Appendix A signatures,OPPOSE,INLINE: I am writing to express my strong opposition to the Environmental Protection Agency&rsquo;s proposal to,
EPA-HQ-OAR-2025-0194-2690,https://www.regulations.gov/comment/EPA-HQ-OAR-2025-0194-2690,sponsoring organization unknown,3332,RTC Appendix A signatures,OPPOSE,"on provided links. Dear Administrator Zeldin, I urge you to abandon the proposed rule to rescind the Endangerment Finding and dismantle gree",
EPA-HQ-OAR-2025-0194-2688,https://www.regulations.gov/comment/EPA-HQ-OAR-2025-0194-2688,sponsoring organization unknown,3231,RTC Appendix A signatures,OPPOSE,'one of the countless Americans who support the EPA's 2009 Greenhouse Gas Endangerment finding',
EPA-HQ-OAR-2025-0194-1456,https://www.regulations.gov/comment/EPA-HQ-OAR-2025-0194-1456,sponsored by Earthworks,3120,RTC Appendix A signatures,OPPOSE,blic Comment Subject: Docket ID No. EPA-HQ-OAR-2025-0194 -- Maintain the Endangerment Finding Public Comment: I'm urging the Env,
EPA-HQ-OAR-2025-0194-2687,https://www.regulations.gov/comment/EPA-HQ-OAR-2025-0194-2687,sponsoring organization unknown,3109,RTC Appendix A signatures,OPPOSE,'respectfully request that the EPA abandon its reconsideration',
EPA-HQ-OAR-2025-0194-2689,https://www.regulations.gov/comment/EPA-HQ-OAR-2025-0194-2689,sponsoring organization unknown,2976,RTC Appendix A signatures,SUPPORT,'End EPA's Fake Green Mandates and Overreach! I strongly support the EPA's proposal to reconsider and repeal',
EPA-HQ-OAR-2025-0194-0466,https://www.regulations.gov/comment/EPA-HQ-OAR-2025-0194-0466,sponsored by Franciscan Action Network,2415,RTC Appendix A signatures,OPPOSE,"&rdquo;<br/><br/>A key tenet within Catholic teaching is to uphold the preferential option for the poor, which instructs us to",
EPA-HQ-OAR-2025-0194-2626,https://www.regulations.gov/comment/EPA-HQ-OAR-2025-0194-2626,sponsoring organization unknown,2196,RTC Appendix A signatures,OPPOSE,"nt for little hearts, lungs, and brains.<br/> <br/>EPA must keep cutting greenhouse gas emissions. The health of our families and th",
EPA-HQ-OAR-2025-0194-2653,https://www.regulations.gov/comment/EPA-HQ-OAR-2025-0194-2653,sponsoring organization unknown,1997,RTC Appendix A signatures,SUPPORT,'I support President Trump's efforts to reconsider the EPA's Endangerment Finding',
EPA-HQ-OAR-2025-0194-30781,https://www.regulations.gov/comment/EPA-HQ-OAR-2025-0194-30781,sponsoring organization unknown,1945,regulations.gov duplicateComments,OPPOSE,"ntal Protection Agency Administrator Lee Zeldin, I strongly oppose the EPA’s proposed repeal of the Endangerment Finding. This",
EPA-HQ-OAR-2025-0194-2691,https://www.regulations.gov/comment/EPA-HQ-OAR-2025-0194-2691,sponsoring organization unknown,1920,RTC Appendix A signatures,OPPOSE,a-and-r-Docket@epa.gov> Date: 9/15/2025 5:50:01 PM Subject: Maintain the Endangerment Finding ----------------------------------,
EPA-HQ-OAR-2025-0194-2649,https://www.regulations.gov/comment/EPA-HQ-OAR-2025-0194-2649,sponsoring organization unknown,1645,RTC Appendix A signatures,OPPOSE,"INLINE: As a concerned citizen, I strongly oppose the proposed EPA rule revoking the 2009 Endangerment Findin",
EPA-HQ-OAR-2025-0194-9263,https://www.regulations.gov/comment/EPA-HQ-OAR-2025-0194-9263,sponsored by Protect Our Winters (POW),1625,regulations.gov duplicateComments,OPPOSE,"gency, Protect Our Winters, a 501(c)(3) nonprofit, strongly opposes the Environmental Protection Agency’s proposal to rescind t",
EPA-HQ-OAR-2025-0194-1508,https://www.regulations.gov/comment/EPA-HQ-OAR-2025-0194-1508,sponsoring organization unknown,1546,regulations.gov duplicateComments,SUPPORT,same 'Fake Green Mandates' text (letter cites docket 0137 but is posted in 0194),
EPA-HQ-OAR-2025-0194-2692,https://www.regulations.gov/comment/EPA-HQ-OAR-2025-0194-2692,sponsoring organization unknown,1123,RTC Appendix A signatures,OPPOSE,'I am deeply concerned by your plans to rescind the Endangerment Finding ... Denying the basic facts of climate change',
EPA-HQ-OAR-2025-0194-2612,https://www.regulations.gov/comment/EPA-HQ-OAR-2025-0194-2612,"sponsored by Earth-Org, Clean Water Action, Clean Water Fund, SEIU",1063,RTC Appendix A signatures,OPPOSE,"ig4 I'm urging the Environmental Protection Agency (epa) to maintain the Endanger- ment Finding, which requires the EPA to prote",
EPA-HQ-OAR-2025-0194-0465,https://www.regulations.gov/comment/EPA-HQ-OAR-2025-0194-0465,sponsored by National Religious Partnership for the Environment,1010,RTC Appendix A signatures,OPPOSE,"&rdquo;<br/><br/>A key tenet within Catholic teaching is to uphold the preferential option for the poor, which instructs us to",
EPA-HQ-OAR-2025-0194-2693,https://www.regulations.gov/comment/EPA-HQ-OAR-2025-0194-2693,sponsoring organization unknown,1002,RTC Appendix A signatures,OPPOSE,"r Administrator Lee Zeldin, I am submitting this comment in opposition to EPA's plan to repeal the Endangerment Finding for greenh",
EPA-HQ-OAR-2025-0194-0778,https://www.regulations.gov/comment/EPA-HQ-OAR-2025-0194-0778,sponsored by Union of Concerned Scientists,1000,RTC Appendix A signatures,OPPOSE,INLINE: Please find attached a comment letter opposing the EPA&#39;s proposal to rescind the Endangerment Finding,
EPA-HQ-OAR-2025-0194-2638,https://www.regulations.gov/comment/EPA-HQ-OAR-2025-0194-2638,sponsoring organization unknown,975,RTC Appendix A signatures,OPPOSE,"I&#39;m urging the Environmental Protection Agency (EPA) to maintain the Endangerment Finding, which requires the EPA to protect",
EPA-HQ-OAR-2025-0194-2694,https://www.regulations.gov/comment/EPA-HQ-OAR-2025-0194-2694,sponsoring organization unknown,922,RTC Appendix A signatures,OPPOSE,:06 PM Subject: Docket ID No. EPA-HQ-OAR-2025-0194 - Please don't repeal the Endangerment Finding ----------------------------------,
EPA-HQ-OAR-2025-0194-1442,https://www.regulations.gov/comment/EPA-HQ-OAR-2025-0194-1442,sponsored by American Geophysical Union (AGU),919,RTC Appendix A signatures,OPPOSE,AGU + 900 climate experts: letter affirms the science 'in response to the proposal to overturn'; AGU testified against at the hearing,
EPA-HQ-OAR-2025-0194-1504,https://www.regulations.gov/comment/EPA-HQ-OAR-2025-0194-1504,sponsored by American Geophysical Union (AGU),919,RTC Appendix A signatures,OPPOSE,duplicate posting of AGU letter (1442),
EPA-HQ-OAR-2025-0194-2695,https://www.regulations.gov/comment/EPA-HQ-OAR-2025-0194-2695,sponsoring organization unknown,874,RTC Appendix A signatures,OPPOSE,"ed links. Dear EPA regulators, Your message here I strongly oppose your proposed revocation of the endangerment finding and ve",
EPA-HQ-OAR-2025-0194-1507,https://www.regulations.gov/comment/EPA-HQ-OAR-2025-0194-1507,sponsored by Electric Vehicle Association,739,RTC Appendix A signatures,OPPOSE,RE: EPA-HQ-OAR-2025-0194 - Letter signed by 739 people who oppose the proposed recission of the 2009 Endangerment Finding and,
EPA-HQ-OAR-2025-0194-2671,https://www.regulations.gov/comment/EPA-HQ-OAR-2025-0194-2671,sponsoring organization unknown,658,RTC Appendix A signatures,SUPPORT,'I strongly support the EPA's proposal to repeal the Endangerment Finding',
EPA-HQ-OAR-2025-0194-2696,https://www.regulations.gov/comment/EPA-HQ-OAR-2025-0194-2696,sponsoring organization unknown,604,RTC Appendix A signatures,OPPOSE,"Maryland League of Conservation Voters, I am urging the EPA not to repeal the Greenhouse Gas Endangerment Finding. This rollback of C",
EPA-HQ-OAR-2025-0194-2697,https://www.regulations.gov/comment/EPA-HQ-OAR-2025-0194-2697,sponsoring organization unknown,576,RTC Appendix A signatures,OPPOSE,these comments for the above-referenced docket and urge you NOT to rescind the 2009 Endangerment Finding and Greenhouse Gas (GHG) Vehi,
EPA-HQ-OAR-2025-0194-2611,https://www.regulations.gov/comment/EPA-HQ-OAR-2025-0194-2611,sponsored by Climate Action Campaign,563,RTC Appendix A signatures,OPPOSE,"194 I'm urging the Environmental Protection Agency (EPA) to maintain the Endanger- ment Finding, which requires the EPA to prote",
EPA-HQ-OAR-2025-0194-2627,https://www.regulations.gov/comment/EPA-HQ-OAR-2025-0194-2627,sponsoring organization unknown,539,RTC Appendix A signatures,OPPOSE,'tremendously disappointed to see the EPA's dangerous proposal to rescind',
EPA-HQ-OAR-2025-0194-2619,https://www.regulations.gov/comment/EPA-HQ-OAR-2025-0194-2619,"sponsored by Public Citizen, SBN",535,RTC Appendix A signatures,OPPOSE,"194 I'm urging the Environmental Protection Agency (EPA) to maintain the Endanger- ment Finding, which requires the EPA to prote",
EPA-HQ-OAR-2025-0194-2698,https://www.regulations.gov/comment/EPA-HQ-OAR-2025-0194-2698,sponsoring organization unknown,534,RTC Appendix A signatures,OPPOSE,"ice of Air And Radiation EPA Office of Air And Radiation, I oppose the proposal to rescind the Endangerment Finding. It defies",
EPA-HQ-OAR-2025-0194-2618,https://www.regulations.gov/comment/EPA-HQ-OAR-2025-0194-2618,"sponsored by Center for Biological Diversity, Clean Air Council and Earthjustice",529,RTC Appendix A signatures,OPPOSE,"ig4 I'm urging the Environmental Protection Agency (EPA) to maintain the Endanger- ment Finding, which requires the EPA to prote",
EPA-HQ-OAR-2025-0194-2616,https://www.regulations.gov/comment/EPA-HQ-OAR-2025-0194-2616,"sponsored by Elders Climate Action, MOMS Clean Air Force, Plug in America, PSR Physicians…",528,RTC Appendix A signatures,OPPOSE,"194 I'm urging the Environmental Protection Agency (EPA) to maintain the Endanger- ment Finding, which requires the EPA to prote",
EPA-HQ-OAR-2025-0194-2617,https://www.regulations.gov/comment/EPA-HQ-OAR-2025-0194-2617,"sponsored by California Interfaith Power & Light, Great Lakes Business Network, Michigan …",500,RTC Appendix A signatures,OPPOSE,"ig4 I'm urging the Environmental Protection Agency (EPA) to maintain the Endanger- ment Finding, which requires the EPA to prote",
EPA-HQ-OAR-2025-0194-2624,https://www.regulations.gov/comment/EPA-HQ-OAR-2025-0194-2624,sponsoring organization unknown,500,RTC Appendix A signatures,OPPOSE,"194 I'm urging the Environmental Protection Agency (epa) to maintain the Endanger- ment Finding, which requires the EPA to prote",
EPA-HQ-OAR-2025-0194-2622,https://www.regulations.gov/comment/EPA-HQ-OAR-2025-0194-2622,"sponsored by Environmental Defense Fund, LCV, National Wildfire Federation",500,RTC Appendix A signatures,OPPOSE,"194 I'm urging the Environmental Protection Agency (EPA) to maintain the Endanger- ment Finding, which requires the EPA to prote",
EPA-HQ-OAR-2025-0194-2613,https://www.regulations.gov/comment/EPA-HQ-OAR-2025-0194-2613,"sponsored by Chesapeake Climate Action Network, The Medical Society Consortium on Climate…",500,RTC Appendix A signatures,OPPOSE,"194 I'm urging the Environmental Protection Agency (EPA) to maintain the Endanger- ment Finding, which requires the EPA to prote",
EPA-HQ-OAR-2025-0194-2699,https://www.regulations.gov/comment/EPA-HQ-OAR-2025-0194-2699,sponsoring organization unknown,476,RTC Appendix A signatures,OPPOSE,<a-and-r-Docket@epa.gov> Date: 9/8/2025 7:40:38 PM Subject: Opposition to EPA–HQ–OAR–2025–0194 -----------------------------------,
EPA-HQ-OAR-2025-0194-2614,https://www.regulations.gov/comment/EPA-HQ-OAR-2025-0194-2614,"sponsored by Evergreen Action, Greenlatinos Luchado por la Liberacion Ambiental, Young Gi…",420,RTC Appendix A signatures,OPPOSE,"ig4 I'm urging the Environmental Protection Agency (epa) to maintain the Endanger- ment Finding, which requires the EPA to prote",
EPA-HQ-OAR-2025-0194-30782,https://www.regulations.gov/comment/EPA-HQ-OAR-2025-0194-30782,sponsoring organization unknown,404,regulations.gov duplicateComments,SUPPORT,same 'Fake Green Mandates' text,
EPA-HQ-OAR-2025-0194-2615,https://www.regulations.gov/comment/EPA-HQ-OAR-2025-0194-2615,"sponsored by NRDC, Sierra Club and Union of Concerned Scientists",393,RTC Appendix A signatures,OPPOSE,"194 I'm urging the Environmental Protection Agency (epa) to maintain the Endanger- ment Finding, which requires the EPA to prote",
EPA-HQ-OAR-2025-0194-2621,https://www.regulations.gov/comment/EPA-HQ-OAR-2025-0194-2621,"sponsored by Alliance of Nurses for Healthy Environments, Change the Chamber, Michigan In…",388,RTC Appendix A signatures,OPPOSE,"ig4 I'm urging the Environmental Protection Agency (EPA) to maintain the Endanger- ment Finding, which requires the EPA to prote",
EPA-HQ-OAR-2025-0194-2700,https://www.regulations.gov/comment/EPA-HQ-OAR-2025-0194-2700,sponsoring organization unknown,341,RTC Appendix A signatures,OPPOSE,"on provided links. Dear Endangerment Finding, I urge you to keep the Endangerment Finding in place and fully maintain its protec",
EPA-HQ-OAR-2025-0194-2623,https://www.regulations.gov/comment/EPA-HQ-OAR-2025-0194-2623,sponsoring organization unknown,320,RTC Appendix A signatures,OPPOSE,"194 I'm urging the Environmental Protection Agency (epa) to maintain the Endanger- ment Finding, which requires the EPA to prote",
EPA-HQ-OAR-2025-0194-2701,https://www.regulations.gov/comment/EPA-HQ-OAR-2025-0194-2701,sponsoring organization unknown,287,RTC Appendix A signatures,OPPOSE,"ts or click on provided links. Dear EPA --, I am writing to oppose EPA’s proposal to rescind the Endangerment Finding and repe",
EPA-HQ-OAR-2025-0194-2630,https://www.regulations.gov/comment/EPA-HQ-OAR-2025-0194-2630,sponsoring organization unknown,275,RTC Appendix A signatures,OPPOSE,INLINE: I strongly oppose the proposed repeal of the Endangerment Finding. The scienc,
EPA-HQ-OAR-2025-0194-2702,https://www.regulations.gov/comment/EPA-HQ-OAR-2025-0194-2702,sponsoring organization unknown,269,RTC Appendix A signatures,OPPOSE,"inistrator Lee Zeldin, I’m writing to urgently ask that you do not repeal the 2009 Endangerment Finding – the determination that gree",
EPA-HQ-OAR-2025-0194-2620,https://www.regulations.gov/comment/EPA-HQ-OAR-2025-0194-2620,"sponsored by Electric Vehicle Association, Southern Alliance for Clean Energy",269,RTC Appendix A signatures,OPPOSE,"194 I'm urging the Environmental Protection Agency (EPA) to maintain the Endanger- ment Finding, which requires the EPA to prote",
EPA-HQ-OAR-2025-0194-30783,https://www.regulations.gov/comment/EPA-HQ-OAR-2025-0194-30783,sponsoring organization unknown,264,regulations.gov duplicateComments,OPPOSE,8:35 AM Subject: Docket ID No. EPA–HQ–OAR– 2025–0194 Please withdraw this proposal -----------------------------------------------------------,
EPA-HQ-OAR-2025-0194-2641,https://www.regulations.gov/comment/EPA-HQ-OAR-2025-0194-2641,sponsoring organization unknown,260,RTC Appendix A signatures,OPPOSE,'vested interest in maintaining the physical livability of the United States',
EPA-HQ-OAR-2025-0194-2703,https://www.regulations.gov/comment/EPA-HQ-OAR-2025-0194-2703,sponsoring organization unknown,257,RTC Appendix A signatures,OPPOSE,"nvironmental Protection Agency Federal Register, I strongly oppose the EPA’s proposal to repeal the Endangerment Finding. The",
EPA-HQ-OAR-2025-0194-2632,https://www.regulations.gov/comment/EPA-HQ-OAR-2025-0194-2632,sponsoring organization unknown,246,RTC Appendix A signatures,OPPOSE,"riting to urge the Environmental Protection Agency (EPA) to maintain the Endangerment Finding, which requires the EPA to protect",
EPA-HQ-OAR-2025-0194-30784,https://www.regulations.gov/comment/EPA-HQ-OAR-2025-0194-30784,sponsoring organization unknown,240,regulations.gov duplicateComments,OPPOSE,2025 3:50:58 PM Subject: I am writing today to tell the EPA not to rescind the landmark 2009 Endangerment Finding and rolling back veh,
EPA-HQ-OAR-2025-0194-30785,https://www.regulations.gov/comment/EPA-HQ-OAR-2025-0194-30785,sponsoring organization unknown,239,regulations.gov duplicateComments,OPPOSE,25 5:48:44 PM Subject: Docket ID No. EPA-HQ-OAR-2025-0194 - Reject the Repeal of the Endangerment Finding --------------------,
EPA-HQ-OAR-2025-0194-2662,https://www.regulations.gov/comment/EPA-HQ-OAR-2025-0194-2662,sponsoring organization unknown,232,RTC Appendix A signatures,OPPOSE,'I urge the EPA to rescind its proposal to repeal the endangerment finding',
EPA-HQ-OAR-2025-0194-0145,https://www.regulations.gov/comment/EPA-HQ-OAR-2025-0194-0145,sponsored by,228,RTC Appendix A signatures,UNCLEAR,"American Lung Association, 228 signatures per RTC Appendix A; NOT posted on regulations.gov (API 404), so the text cannot be checked",
EPA-HQ-OAR-2025-0194-2704,https://www.regulations.gov/comment/EPA-HQ-OAR-2025-0194-2704,sponsoring organization unknown,223,RTC Appendix A signatures,OPPOSE,25 4:56:48 PM Subject: Docket ID No. EPA-HQ-OAR-2025-0194 - Reject the Repeal of the Endangerment Finding --------------------,
EPA-HQ-OAR-2025-0194-0777,https://www.regulations.gov/comment/EPA-HQ-OAR-2025-0194-0777,sponsored by National Parks Conservation Association,221,RTC Appendix A signatures,OPPOSE,NPCA scanned petition (25 pp): header reads 'I strongly oppose the proposal to eliminate the Endangerment Finding' (read from page image),
EPA-HQ-OAR-2025-0194-2705,https://www.regulations.gov/comment/EPA-HQ-OAR-2025-0194-2705,sponsoring organization unknown,194,RTC Appendix A signatures,OPPOSE,"provided links. Dear USEPA Administrator Zeldin, I strongly oppose the USEPA’s proposed repeal of the 2009 Endangerment Findin",
EPA-HQ-OAR-2025-0194-2667,https://www.regulations.gov/comment/EPA-HQ-OAR-2025-0194-2667,sponsoring organization unknown,190,RTC Appendix A signatures,OPPOSE,'in support of the comment submitted by the American Physical Society' (APS opposed the repeal),
EPA-HQ-OAR-2025-0194-2706,https://www.regulations.gov/comment/EPA-HQ-OAR-2025-0194-2706,sponsoring organization unknown,185,RTC Appendix A signatures,SUPPORT,"'As an Arizona resident, I support the repeal of the Endangerment Finding'",
EPA-HQ-OAR-2025-0194-2707,https://www.regulations.gov/comment/EPA-HQ-OAR-2025-0194-2707,sponsoring organization unknown,170,RTC Appendix A signatures,OPPOSE,writing as a concerned member of the public to urge you to uphold the Environmental Protection Agency's Endangerment Finding,
EPA-HQ-OAR-2025-0194-2708,https://www.regulations.gov/comment/EPA-HQ-OAR-2025-0194-2708,sponsoring organization unknown,168,RTC Appendix A signatures,OPPOSE,1:01 PM Subject: Docket ID No. EPA–HQ–OAR– 2025–0194 Please withdraw this proposal -----------------------------------------------------------,
EPA-HQ-OAR-2025-0194-2669,https://www.regulations.gov/comment/EPA-HQ-OAR-2025-0194-2669,sponsoring organization unknown,164,RTC Appendix A signatures,OPPOSE,INLINE: I am writing to express my staunch opposition to the Environmental Protection Agency&rsquo;s reconsiderat,
EPA-HQ-OAR-2025-0194-1445,https://www.regulations.gov/comment/EPA-HQ-OAR-2025-0194-1445,sponsored by California Interfaith Power & Light,154,RTC Appendix A signatures,OPPOSE,ed comments from 154 people of faith and conscience who are opposed to the proposals to rescind the endangerment finding and to,
EPA-HQ-OAR-2025-0194-2709,https://www.regulations.gov/comment/EPA-HQ-OAR-2025-0194-2709,sponsoring organization unknown,141,RTC Appendix A signatures,OPPOSE,reat concern to urge the Environmental Protection Agency to abandon its plans to rescind the Endangerment Finding and repeal all greenhou,
EPA-HQ-OAR-2025-0194-2710,https://www.regulations.gov/comment/EPA-HQ-OAR-2025-0194-2710,sponsoring organization unknown,132,RTC Appendix A signatures,OPPOSE,"l Protection Agency, It is vitally important to protect and retain the 2009 EPA Endangerment Finding. The Finding is the bedro",
EPA-HQ-OAR-2025-0194-1444,https://www.regulations.gov/comment/EPA-HQ-OAR-2025-0194-1444,sponsored by Expert Working Group on Climate Change and Health,114,RTC Appendix A signatures,OPPOSE,"Expert Working Group on Climate Change and Health: 'we strongly oppose this proposed rule change' (p.5 of attachment, beyond the 2,500-char head)",
EPA-HQ-OAR-2025-0194-2712,https://www.regulations.gov/comment/EPA-HQ-OAR-2025-0194-2712,sponsoring organization unknown,114,RTC Appendix A signatures,OPPOSE,"ents or click on provided links. Dear EPA Comment line, Re: Opposing the Reconsideration of the 2009 Endangerment Finding Dear E",
EPA-HQ-OAR-2025-0194-2711,https://www.regulations.gov/comment/EPA-HQ-OAR-2025-0194-2711,sponsoring organization unknown,114,RTC Appendix A signatures,OPPOSE,'abandon plans to roll back vehicle pollution standards',
EPA-HQ-OAR-2025-0194-1446,https://www.regulations.gov/comment/EPA-HQ-OAR-2025-0194-1446,sponsoring organization unknown,108,RTC Appendix A signatures,OPPOSE,ached a petition of 108 Wyoming residents urging the EPA to not reconsider the 2009 Endangerment Finding. ATT EPA-HQ-OAR-2025-0194-144,"sign-on letter, 108 Wyoming residents"
EPA-HQ-OAR-2025-0194-2665,https://www.regulations.gov/comment/EPA-HQ-OAR-2025-0194-2665,sponsoring organization unknown,102,RTC Appendix A signatures,OPPOSE,"As a driver of a plug-in vehicle, I am writing to speak out against the proposed repeal of EPA greenhouse gas (GHG) emission standa",
EPA-HQ-OAR-2025-0194-2713,https://www.regulations.gov/comment/EPA-HQ-OAR-2025-0194-2713,sponsoring organization unknown,89,RTC Appendix A signatures,OPPOSE,"n provided links. Dear EPA Administrator Zeldin, I strongly oppose the EPA’s dangerous proposal to eliminate greenhouse gas em",
EPA-HQ-OAR-2025-0194-1458,https://www.regulations.gov/comment/EPA-HQ-OAR-2025-0194-1458,sponsored by Grace United Methodist Church,86,RTC Appendix A signatures,UNCLEAR,Grace United Methodist Church: docket holds only the e-mail cover note; member comments not extractable,
EPA-HQ-OAR-2025-0194-2652,https://www.regulations.gov/comment/EPA-HQ-OAR-2025-0194-2652,sponsoring organization unknown,82,RTC Appendix A signatures,OPPOSE,"health professional and advocate, I write to express strong opposition to any effort to weaken or repeal the U.S. Environmental Pr",
EPA-HQ-OAR-2025-0194-2656,https://www.regulations.gov/comment/EPA-HQ-OAR-2025-0194-2656,sponsoring organization unknown.,81,RTC Appendix A signatures,SUPPORT,'I am writing to strongly support the agency's proposed action to repeal',
EPA-HQ-OAR-2025-0194-2646,https://www.regulations.gov/comment/EPA-HQ-OAR-2025-0194-2646,sponsoring organization unknown.,73,RTC Appendix A signatures,OPPOSE,"name is Gary Fitzgerald, and I&rsquo;m from CA. I urge EPA not to rescind the Endangerment Finding. It is crucial to protect our comm",
EPA-HQ-OAR-2025-0194-30786,https://www.regulations.gov/comment/EPA-HQ-OAR-2025-0194-30786,sponsoring organization unknown,71,regulations.gov duplicateComments,OPPOSE,"1 PM Subject: Climate change threatens people and wildlife, do not repeal the Endangerment Finding in docket EPA-HQ-OAR-2025-0194 ---",
EPA-HQ-OAR-2025-0194-1441,https://www.regulations.gov/comment/EPA-HQ-OAR-2025-0194-1441,sponsored by Alliance of Nurses for Healthy Environments,67,RTC Appendix A signatures,OPPOSE,to you urging the Environmental Protection Agency (EPA) to abandon the reconsideration of the endangerment finding and greenhouse gas vehicle stan,
EPA-HQ-OAR-2025-0194-2637,https://www.regulations.gov/comment/EPA-HQ-OAR-2025-0194-2637,sponsoring organization unknown.,66,RTC Appendix A signatures,OPPOSE,"ldin, I&#39;m urging the Environmental Protection Agency to maintain the Endangerment Finding. I&#39;d like to tell you how clim",
EPA-HQ-OAR-2025-0194-2714,https://www.regulations.gov/comment/EPA-HQ-OAR-2025-0194-2714,sponsoring organization unknown,65,RTC Appendix A signatures,OPPOSE,nd raise costs for consumers. It is imperative that the EPA upholds the Endangerment Finding and continues to regulate strong g,
EPA-HQ-OAR-2025-0194-1505,https://www.regulations.gov/comment/EPA-HQ-OAR-2025-0194-1505,sponsored by Pace Energy and Climate Center; Pace Environmental Law Review and Pace Envir…,64,RTC Appendix A signatures,OPPOSE,Pace law-student coalition: 'EPA should withdraw the proposed rule and reaffirm the 2009 Endangerment Finding' (p.2+),
EPA-HQ-OAR-2025-0194-2715,https://www.regulations.gov/comment/EPA-HQ-OAR-2025-0194-2715,sponsoring organization unknown,63,RTC Appendix A signatures,OPPOSE,"hments or click on provided links. , I strongly urge you to oppose EPA’s proposal to rescind the Endangerment Finding and to e",
EPA-HQ-OAR-2025-0194-0779,https://www.regulations.gov/comment/EPA-HQ-OAR-2025-0194-0779,sponsored by Creation Justice Ministries,62,RTC Appendix A signatures,OPPOSE,"Zeldin, As people of faith, we write to express their deep opposition to the proposed rescission of the 2009 Endangerment Finding",
EPA-HQ-OAR-2025-0194-2666,https://www.regulations.gov/comment/EPA-HQ-OAR-2025-0194-2666,sponsoring organization unknown.,62,RTC Appendix A signatures,OPPOSE,"INLINE: As a driver of a plug-in vehicle, I am writing to oppose the proposed repeal of EPA greenhouse gas (GHG) emission st",
EPA-HQ-OAR-2025-0194-2664,https://www.regulations.gov/comment/EPA-HQ-OAR-2025-0194-2664,sponsoring organization unknown.,62,RTC Appendix A signatures,OPPOSE,"INLINE: As a driver of a plug-in vehicle, I am writing to oppose the proposed repeal of EPA greenhouse gas (GHG) emission st",
EPA-HQ-OAR-2025-0194-1506,https://www.regulations.gov/comment/EPA-HQ-OAR-2025-0194-1506,sponsoring organization unknown,61,RTC Appendix A signatures,OPPOSE,"o whom it may concern, We are writing to express our strong opposition to the proposed elimination of the Environmental Protection",sign-on letter with handwritten signature sheets (61)
EPA-HQ-OAR-2025-0194-2650,https://www.regulations.gov/comment/EPA-HQ-OAR-2025-0194-2650,sponsoring organization unknown.,59,RTC Appendix A signatures,OPPOSE,"nd well-being of our communities, I write to express strong opposition to efforts to repeal or weaken the EPA&rsquo;s Endangerment",
EPA-HQ-OAR-2025-0194-2657,https://www.regulations.gov/comment/EPA-HQ-OAR-2025-0194-2657,sponsoring organization unknown.,58,RTC Appendix A signatures,SUPPORT,'I support the agency's proposed repeal of the CO2 greenhouse gas endangerment finding',
EPA-HQ-OAR-2025-0194-2644,https://www.regulations.gov/comment/EPA-HQ-OAR-2025-0194-2644,sponsoring organization unknown.,45,RTC Appendix A signatures,OPPOSE,INLINE: I strongly oppose the EPA&rsquo;s proposal to rescind the finding that emissi,
EPA-HQ-OAR-2025-0194-30787,https://www.regulations.gov/comment/EPA-HQ-OAR-2025-0194-30787,sponsoring organization unknown,45,regulations.gov duplicateComments,OPPOSE,"links. Dear Regulations.gov EPA Public Comment, I strongly oppose your proposal to rescind the Endangerment Finding and to el",
EPA-HQ-OAR-2025-0194-1436,https://www.regulations.gov/comment/EPA-HQ-OAR-2025-0194-1436,sponsored by Lexington Climate Action Network (LexCAN),43,RTC Appendix A signatures,OPPOSE,back on its mission and the American people. We urge you to retain strong greenhouse gas protections and vehicle standards.<br,
EPA-HQ-OAR-2025-0194-2716,https://www.regulations.gov/comment/EPA-HQ-OAR-2025-0194-2716,sponsoring organization unknown,40,RTC Appendix A signatures,OPPOSE,subject line 'Hands off our climate safeguards!',
EPA-HQ-OAR-2025-0194-30788,https://www.regulations.gov/comment/EPA-HQ-OAR-2025-0194-30788,sponsoring organization unknown,39,regulations.gov duplicateComments,OPPOSE,ed links. I am writing to respectfully request that the EPA abandon its reconsideration of the 2009 endangerment finding for GHGs. The endangerment,
EPA-HQ-OAR-2025-0194-2717,https://www.regulations.gov/comment/EPA-HQ-OAR-2025-0194-2717,sponsoring organization unknown,38,RTC Appendix A signatures,OPPOSE,3:05 PM Subject: Docket ID No. EPA–HQ–OAR– 2025–0194 Please withdraw this proposal -----------------------------------------------------------,
EPA-HQ-OAR-2025-0194-2718,https://www.regulations.gov/comment/EPA-HQ-OAR-2025-0194-2718,sponsoring organization unknown,35,RTC Appendix A signatures,OPPOSE,Date: 8/18/2025 8:16:00 PM Subject: EPA-HQ-OAR-2025-0194 - Hands off our climate safeguards! -----------------------------------,
EPA-HQ-OAR-2025-0194-1448,https://www.regulations.gov/comment/EPA-HQ-OAR-2025-0194-1448,sponsoring organization unknown,34,RTC Appendix A signatures,EXCLUDE,"LINE: See attached file: Comments from students and faculty opposing the Proposed Rule, Reconsideration of 2009 Endangerment Fin","reclassified 2026-09-21: single multi-author letter — 34 students and faculty, Northeastern University (joint letter); counted in the individually submitted comments"
EPA-HQ-OAR-2025-0194-2631,https://www.regulations.gov/comment/EPA-HQ-OAR-2025-0194-2631,sponsoring organization unknown.,32,RTC Appendix A signatures,OPPOSE,"riting to urge the Environmental Protection Agency (EPA) to maintain the Endangerment Finding, which requires the EPA to protect",
EPA-HQ-OAR-2025-0194-30789,https://www.regulations.gov/comment/EPA-HQ-OAR-2025-0194-30789,sponsoring organization unknown,32,regulations.gov duplicateComments,OPPOSE,n attachments or click on provided links. EPA I urge you to abandon the proposed rule to rescind the Endangerment Finding and dismantle gree,
EPA-HQ-OAR-2025-0194-1435,https://www.regulations.gov/comment/EPA-HQ-OAR-2025-0194-1435,sponsored by First Congregational Church of Berkeley,31,RTC Appendix A signatures,OPPOSE,ng the atmosphere and making people sick. We implore you to maintain the EPA&rsquo;s authority to regulate these six greenhouse,
EPA-HQ-OAR-2025-0194-2719,https://www.regulations.gov/comment/EPA-HQ-OAR-2025-0194-2719,sponsoring organization unknown,29,RTC Appendix A signatures,OPPOSE,ee <Zeldin.Lee@epa.gov> Date: 9/11/2025 1:35:04 PM Subject: Do Not Repeal the Endangerment Finding ----------------------------------,
EPA-HQ-OAR-2025-0194-1449,https://www.regulations.gov/comment/EPA-HQ-OAR-2025-0194-1449,sponsoring organization unknown,28,RTC Appendix A signatures,EXCLUDE,"'EPA's proposal ... is arbitrary, harmful, costly to consumers, and should be withdrawn'",reclassified 2026-09-21: single multi-author letter — 28 current and former state public utility commissioners (joint letter); counted in the individually submitted comments
EPA-HQ-OAR-2025-0194-2640,https://www.regulations.gov/comment/EPA-HQ-OAR-2025-0194-2640,sponsoring organization unknown.,27,RTC Appendix A signatures,OPPOSE,ations serve to reduce greenhouse gas emissions and must be retained.<br/><br/>The existing regulations have already begun to ha,
EPA-HQ-OAR-2025-0194-30790,https://www.regulations.gov/comment/EPA-HQ-OAR-2025-0194-30790,sponsoring organization unknown,27,regulations.gov duplicateComments,OPPOSE,-and-r-Docket@epa.gov> Date: 11/2/2025 12:38:00 AM Subject: Maintain the Endangerment Finding ----------------------------------,
EPA-HQ-OAR-2025-0194-2720,https://www.regulations.gov/comment/EPA-HQ-OAR-2025-0194-2720,sponsoring organization unknown,26,RTC Appendix A signatures,OPPOSE,'I urge you to abandon this attempt',
EPA-HQ-OAR-2025-0194-1429,https://www.regulations.gov/comment/EPA-HQ-OAR-2025-0194-1429,sponsoring organization unknown,25,RTC Appendix A signatures,OPPOSE,301 Constitution Ave NW Washington DC 20004 Subject: Please don’t repeal the Endangerment Finding (Docket ID No. EPA-HQ-OAR-2025-019,"compiled individual letters from Quinhagak, AK students (25)"
EPA-HQ-OAR-2025-0194-1447,https://www.regulations.gov/comment/EPA-HQ-OAR-2025-0194-1447,sponsored by Students of the Baltimore Polytechnic Institute (BPI),25,RTC Appendix A signatures,OPPOSE,PA should continue to regulate greenhouse gases. EPA should not repeal the endangerment finding and should recommit to relying on,
EPA-HQ-OAR-2025-0194-1450,https://www.regulations.gov/comment/EPA-HQ-OAR-2025-0194-1450,sponsoring organization unknown,25,RTC Appendix A signatures,EXCLUDE,301 Constitution Ave NW Washington DC 20004 Subject: Please don’t repeal the Endangerment Finding (Docket ID No. EPA-HQ-OAR-2025-019,duplicate of 1429 (same compiled letters)
EPA-HQ-OAR-2025-0194-2721,https://www.regulations.gov/comment/EPA-HQ-OAR-2025-0194-2721,sponsoring organization unknown,25,RTC Appendix A signatures,UNCLEAR,EveryAction template submitted blank ('Write your message here using the talking points above'),
EPA-HQ-OAR-2025-0194-1437,https://www.regulations.gov/comment/EPA-HQ-OAR-2025-0194-1437,sponsored by Boston Catholic Climate Movement,24,RTC Appendix A signatures,OPPOSE,INLINE: We strongly oppose your proposal (EPA-HQ-OAR-2025-0194) to rescind vital prote,
EPA-HQ-OAR-2025-0194-2643,https://www.regulations.gov/comment/EPA-HQ-OAR-2025-0194-2643,sponsoring organization unknown.,22,RTC Appendix A signatures,OPPOSE,"ding and subsequent vehicle standards, and I wholeheartedly reject any proposed rescission of these established rules. , I&#39",
EPA-HQ-OAR-2025-0194-2628,https://www.regulations.gov/comment/EPA-HQ-OAR-2025-0194-2628,sponsoring organization unknown.,22,RTC Appendix A signatures,OPPOSE,'I support the 2009 Endangerment Finding and Greenhouse Gas Vehicle Standards.',
EPA-HQ-OAR-2025-0194-2660,https://www.regulations.gov/comment/EPA-HQ-OAR-2025-0194-2660,sponsoring organization unknown.,21,RTC Appendix A signatures,OPPOSE,INLINE: I strongly oppose the EPA proposal to rescind the Endangerment Finding and to,
EPA-HQ-OAR-2025-0194-1455,https://www.regulations.gov/comment/EPA-HQ-OAR-2025-0194-1455,sponsored by National Parks Conservation Association (NPCA),20,RTC Appendix A signatures,OPPOSE,"NPCA scanned petition, same form as 0777 (read from page image)",
EPA-HQ-OAR-2025-0194-2634,https://www.regulations.gov/comment/EPA-HQ-OAR-2025-0194-2634,sponsoring organization unknown.,20,RTC Appendix A signatures,OPPOSE,writing as a concerned resident of the Midwest to strongly oppose the proposed repeal of the Endangerment Finding and the rol,
EPA-HQ-OAR-2025-0194-1453,https://www.regulations.gov/comment/EPA-HQ-OAR-2025-0194-1453,sponsored by Moms Clean Air Force,19,RTC Appendix A signatures,OPPOSE,"tion, for leadership, and for accountability. I am strongly opposed to EPA’s proposal to rescind the Endangerment Finding and g",
EPA-HQ-OAR-2025-0194-2722,https://www.regulations.gov/comment/EPA-HQ-OAR-2025-0194-2722,sponsoring organization unknown,19,RTC Appendix A signatures,OPPOSE,"r U.S. Environmental Protection Agency, I am urging the EPA NOT to rescind the landmark 2009 Endangerment Finding and NOT to roll back",
EPA-HQ-OAR-2025-0194-2670,https://www.regulations.gov/comment/EPA-HQ-OAR-2025-0194-2670,sponsoring organization unknown.,19,RTC Appendix A signatures,OPPOSE,NE: My name is John and I&rsquo;m from Michigan. I urge EPA not to rescind the endangerment finding. It is crucial to protect our comm,
EPA-HQ-OAR-2025-0194-1422,https://www.regulations.gov/comment/EPA-HQ-OAR-2025-0194-1422,sponsored by Moms Clean Air Force,18,regulations.gov duplicateComments,OPPOSE,"community program, EcoMadres. I am here to voice my strong opposition to EPA’s proposal to rescind the Endangerment Finding and l",
EPA-HQ-OAR-2025-0194-2661,https://www.regulations.gov/comment/EPA-HQ-OAR-2025-0194-2661,sponsoring organization unknown.,18,RTC Appendix A signatures,OPPOSE,INLINE: Subject: Opposition to Proposed Rule Reconsidering the 2009 Greenhouse Gas Enda,
EPA-HQ-OAR-2025-0194-2723,https://www.regulations.gov/comment/EPA-HQ-OAR-2025-0194-2723,sponsoring organization unknown,18,RTC Appendix A signatures,OPPOSE,"or Zeldin, I am writing as a concerned American to strongly oppose the EPA’s proposed repeal of the Endangerment Finding and t",
EPA-HQ-OAR-2025-0194-2654,https://www.regulations.gov/comment/EPA-HQ-OAR-2025-0194-2654,sponsoring organization unknown.,18,RTC Appendix A signatures,OPPOSE,INLINE: I oppose the EPA&rsquo;s plan to repeal the Endangerment Finding. Th,
EPA-HQ-OAR-2025-0194-2672,https://www.regulations.gov/comment/EPA-HQ-OAR-2025-0194-2672,sponsoring organization unknown.,18,RTC Appendix A signatures,OPPOSE,'As a scientist ... I affirm that climate change ... is unequivocally driven by human activity' (AGU letter text),
EPA-HQ-OAR-2025-0194-1452,https://www.regulations.gov/comment/EPA-HQ-OAR-2025-0194-1452,sponsored by Sustainable Marblehead,17,RTC Appendix A signatures,OPPOSE,"rganization working to protect our environment, we strongly oppose the proposed rule to repeal all greenhouse gas emission sta",
EPA-HQ-OAR-2025-0194-2645,https://www.regulations.gov/comment/EPA-HQ-OAR-2025-0194-2645,sponsoring organization unknown.,17,RTC Appendix A signatures,OPPOSE,American Sustainable Business Network: 'unwavering supporters of policies that strengthen the US commitment to clean energy',
EPA-HQ-OAR-2025-0194-2639,https://www.regulations.gov/comment/EPA-HQ-OAR-2025-0194-2639,sponsoring organization unknown.,16,RTC Appendix A signatures,OPPOSE,INLINE: Subject: Opposition to Proposed Rule Reconsidering the 2009 Greenhouse Gas Enda,
EPA-HQ-OAR-2025-0194-2658,https://www.regulations.gov/comment/EPA-HQ-OAR-2025-0194-2658,sponsoring organization unknown.,16,RTC Appendix A signatures,SUPPORT,'express my support for the agency's proposed repeal',
EPA-HQ-OAR-2025-0194-2678,https://www.regulations.gov/comment/EPA-HQ-OAR-2025-0194-2678,sponsoring organization unknown.,14,RTC Appendix A signatures,OPPOSE,"'If global temperatures keep rising, the issues ... will continue to worsen'",
EPA-HQ-OAR-2025-0194-2655,https://www.regulations.gov/comment/EPA-HQ-OAR-2025-0194-2655,sponsoring organization unknown.,14,RTC Appendix A signatures,OPPOSE,'The Trump administration is gutting multiple protections',
EPA-HQ-OAR-2025-0194-2663,https://www.regulations.gov/comment/EPA-HQ-OAR-2025-0194-2663,sponsoring organization unknown.,14,RTC Appendix A signatures,OPPOSE,'Please reconsider ... The science is stronger now than in 2009' (asks EPA to drop the reconsideration),
EPA-HQ-OAR-2025-0194-2679,https://www.regulations.gov/comment/EPA-HQ-OAR-2025-0194-2679,sponsoring organization unknown.,14,RTC Appendix A signatures,OPPOSE,'voice my concerns on the federal government plans to roll back the endangerment rule',
EPA-HQ-OAR-2025-0194-30791,https://www.regulations.gov/comment/EPA-HQ-OAR-2025-0194-30791,sponsoring organization unknown,14,regulations.gov duplicateComments,OPPOSE,"on provided links. Dear Endangerment Finding, I urge you to keep the Endangerment Finding in place and fully maintain its protec",
EPA-HQ-OAR-2025-0194-2651,https://www.regulations.gov/comment/EPA-HQ-OAR-2025-0194-2651,sponsoring organization unknown.,13,RTC Appendix A signatures,OPPOSE,ir lives. <br/><br/><span style='padding-left: 30px'></span>Do NOT rescind the the landmark 2009 Endangerment Finding and do NOT roll,
EPA-HQ-OAR-2025-0194-2642,https://www.regulations.gov/comment/EPA-HQ-OAR-2025-0194-2642,sponsoring organization unknown.,13,RTC Appendix A signatures,OPPOSE,"ding and subsequent vehicle standards, and I wholeheartedly reject any proposed rescission of these established rules. Thanks.",
EPA-HQ-OAR-2025-0194-2659,https://www.regulations.gov/comment/EPA-HQ-OAR-2025-0194-2659,sponsoring organization unknown.,13,RTC Appendix A signatures,OPPOSE,hed by the U.S. Environmental Protection Agency. I strongly oppose this proposal as it would eliminate one of our most importa,
EPA-HQ-OAR-2025-0194-2647,https://www.regulations.gov/comment/EPA-HQ-OAR-2025-0194-2647,sponsoring organization unknown.,13,RTC Appendix A signatures,OPPOSE,"'Your mission is to protect the environment, not give in to corporate interests'",
EPA-HQ-OAR-2025-0194-30792,https://www.regulations.gov/comment/EPA-HQ-OAR-2025-0194-30792,sponsoring organization unknown,13,regulations.gov duplicateComments,OPPOSE,-and-r-Docket@epa.gov> Date: 9/27/2025 10:38:06 PM Subject: Opposition to EPA–HQ–OAR–2025–0194 -----------------------------------,
EPA-HQ-OAR-2025-0194-2668,https://www.regulations.gov/comment/EPA-HQ-OAR-2025-0194-2668,sponsoring organization unknown.,12,RTC Appendix A signatures,OPPOSE,quotes the scientific-consensus statement against the repeal,
EPA-HQ-OAR-2025-0194-2676,https://www.regulations.gov/comment/EPA-HQ-OAR-2025-0194-2676,sponsoring organization unknown.,12,RTC Appendix A signatures,OPPOSE,INLINE: I strongly oppose any attempt to repeal or weaken the EPA&rsquo;s Endangermen,
EPA-HQ-OAR-2025-0194-2636,https://www.regulations.gov/comment/EPA-HQ-OAR-2025-0194-2636,sponsoring organization unknown.,12,RTC Appendix A signatures,OPPOSE,le overwhelmingly support protections against pollution and reject this Climate Chaos Plan. It is the EPA&rsquo;s mission to p,
EPA-HQ-OAR-2025-0194-2674,https://www.regulations.gov/comment/EPA-HQ-OAR-2025-0194-2674,sponsoring organization unknown.,11,RTC Appendix A signatures,OPPOSE,writing today to express in the strongest possible terms my opposition to the EPA&rsquo;s plan to rescind the Endangerment Finding,
EPA-HQ-OAR-2025-0194-30793,https://www.regulations.gov/comment/EPA-HQ-OAR-2025-0194-30793,sponsoring organization unknown,11,regulations.gov duplicateComments,OPPOSE,same text as 2688,
EPA-HQ-OAR-2025-0194-2724,https://www.regulations.gov/comment/EPA-HQ-OAR-2025-0194-2724,sponsoring organization unknown,10,RTC Appendix A signatures,OPPOSE,"hments or click on provided links. , I strongly urge you to oppose EPA’s proposal to rescind the Endangerment Finding and to e",
EPA-HQ-OAR-2025-0194-2675,https://www.regulations.gov/comment/EPA-HQ-OAR-2025-0194-2675,sponsoring organization unknown.,10,RTC Appendix A signatures,OPPOSE,INLINE: I strongly urge the EPA to keep the Endangerment Finding in place and continue protecting our h,
EPA-HQ-OAR-2025-0194-2677,https://www.regulations.gov/comment/EPA-HQ-OAR-2025-0194-2677,sponsoring organization unknown.,10,RTC Appendix A signatures,OPPOSE,"environment, I urge the Environmental Protection Agency to not repeal the endangerment finding or greenhouse gas pollution standa",
EPA-HQ-OAR-2025-0194-2725,https://www.regulations.gov/comment/EPA-HQ-OAR-2025-0194-2725,Sponsoring organization unknown,10,RTC Appendix A signatures,OPPOSE,3:19 PM Subject: Docket ID No. EPA–HQ–OAR– 2025–0194 Please withdraw this proposal -----------------------------------------------------------,
EPA-HQ-OAR-2025-0194-2673,https://www.regulations.gov/comment/EPA-HQ-OAR-2025-0194-2673,sponsoring organization unknown.,10,RTC Appendix A signatures,OPPOSE,"e of current and future generations. I strongly urge EPA to withdraw this proposal. <br/><br/>I am an ecopsychologist, I have published a book",
EPA-HQ-OAR-2025-0194-1461,https://www.regulations.gov/comment/EPA-HQ-OAR-2025-0194-1461,sponsoring,10,RTC Appendix A signatures,EXCLUDE,not yet fetched,"reclassified 2026-09-21: single multi-author letter — 10 atmospheric chemists, University of Colorado Boulder (Nathan Sweet et al.); counted in the individually submitted comments"
EPA-HQ-OAR-2025-0194-1454,https://www.regulations.gov/comment/EPA-HQ-OAR-2025-0194-1454,sponsored by Citizens Climate Lobby (CCL),9,RTC Appendix A signatures,OPPOSE,avy-duty vehicles. The greater CCL community and I strongly oppose this decision by the federal government for numerous reason,
EPA-HQ-OAR-2025-0194-1462,https://www.regulations.gov/comment/EPA-HQ-OAR-2025-0194-1462,sponsoring,9,RTC Appendix A signatures,EXCLUDE,not yet fetched,"reclassified 2026-09-21: single multi-author letter — 9 transportation/energy economists (Antonio Bento, Kenneth Gillingham, Mark Jacobsen, Christopher Knittel, Benjamin Leard, Joshua Linn, David Rapson, Arthur van Bent…"
EPA-HQ-OAR-2025-0194-0780,https://www.regulations.gov/comment/EPA-HQ-OAR-2025-0194-0780,sponsored by Town of Concord Climate Action Committee,5,RTC Appendix A signatures,OPPOSE,"Town of Concord Climate Action Committee, scanned letter: 'vehemently opposed' (read from page image)",
EPA-HQ-OAR-2025-0194-1457,https://www.regulations.gov/comment/EPA-HQ-OAR-2025-0194-1457,Duplicate of EPA-HQ-OAR-2025-0194-1434.sponsored by Earth Day Network (d.b.a. EARTHDAY.OR…,0,regulations.gov duplicateComments,EXCLUDE,title = 'Duplicate of EPA-HQ-OAR-2025-0194-1434'; duplicateComments = 0,
